,Epifauna,Surficial modifiers,Upward conveyors,Downward conveyors,Biodiffusors,Regenerators,surface,D >0 and <= 3,D >3 and <= 8,D >8 and <= 15,D >15 and <= 25,D >25,S <= 5,S >5 and <= 10,S >10 and <= 20,S >20 and <= 40,S >40 and <= 80,S >80 and <= 160,S >160,Deposit-feeder,Suspension-feeder,Opportunist/scavenger,Grazer,Predator,L <=1,L >1 and <= 3,L >3 and <= 6,L >6 and <= 10,L >10,SM <=1,SM >1 and <= 2,SM >2 and <= 5,SM >5 and <= 10,SM >10,Continuous / >= 2x per year,Annual 1x,Biennial,Semelparous,F >=1 and <= 50,F >50 and <= 500,F >500 and <= 2.500,F >2.500 and <= 10.000,F >10.000 and <= 20.000,F >20.000 and <= 100.000,F >100.000,Sessile,Swim/float,Crawl/walk,Burrow/tube,Tube,Burrow,Free-living,Crevice,epi/endo-zoic/phytic,Attached,Asexual,Broadcast,Brooder,Benthic_Deposition,Planktotrophic,Lecithotrophic,Benthic/Direct,Soft,Calcified,Chitin,Winter,Spring,Summer,Autumn,OS <= 100,OS >100 and <= 500,OS >500 and <= 1500,OS >1500,Juvenile,Larva,Egg
Abludomelita obtusata,0,3,0,0,0,0,3,0,0,0,0,0,0,3,0,0,0,0,0,3,0,0,0,0,3,0,0,0,0,3,0,0,0,0,3,0,0,0,3,0,0,0,0,0,0,0,1,2,0,0,0,3,0,0,0,0,0,3,0,0,0,3,0,0,3,0,2,2,1,0,0,0,3,3,0,0
Abra alba,0,3,0,0,0,0,0,2,2,0,0,0,0,0,0,3,0,0,0,2,2,0,0,0,2,1,0,0,0,3,0,0,0,0,2,1,0,0,0,0,0,0,3,0,0,0,0,0,3,0,3,0,0,0,0,0,3,0,0,3,0,0,0,3,0,0,2,2,2,3,0,0,0,0,0,3
Abra tenuis,0,3,0,0,0,0,0,2,1,0,0,0,0,0,3,0,0,0,0,3,0,0,0,0,0,3,0,0,0,3,0,0,0,0,0,0,0,3,0,0,2,2,0,0,0,0,0,0,3,0,3,0,0,0,0,0,0,0,3,0,0,3,0,3,0,0,0,3,0,0,3,0,0,0,0,3
Actiniaria,2,2,0,0,0,0,3,0,0,0,0,0,0,0,0,0,0,2,2,0,0,0,0,3,0,0,0,0,3,0,2,2,0,0,2,2,0,0,0,3,0,0,0,0,0,2,0,1,1,0,1,0,0,2,2,2,2,2,0,2,2,2,3,0,0,0,2,2,2,2,2,2,0,1,2,2
Alcyonidioides mytili,3,0,0,0,0,0,3,0,0,0,0,0,0,0,0,0,0,0,3,0,3,0,0,0,0,0,0,0,0,3,0,0,0,0,0,0,0,0,0,0,0,0,0,0,0,3,0,0,0,0,0,0,0,2,2,2,2,0,0,3,0,0,0,0,3,2,0,0,2,0,3,0,0,0,0,3
Alcyonidium parasiticum,3,0,0,0,0,0,3,0,0,0,0,0,0,0,0,0,0,2,2,0,3,0,0,0,0,0,0,0,0,3,0,0,0,0,0,0,0,0,0,0,0,0,0,0,0,3,0,0,0,0,0,0,0,0,2,2,2,0,0,1,2,0,0,0,3,2,0,0,2,0,3,0,0,0,3,0
Alitta succinea,0,0,0,0,3,0,0,0,0,2,2,2,0,0,0,0,0,2,2,2,1,1,0,1,0,3,0,0,0,3,0,0,0,0,0,0,0,3,0,0,2,2,0,0,0,0,1,1,2,0,3,0,0,0,0,0,3,0,0,2,0,2,3,0,0,0,0,3,0,0,3,0,0,0,0,3
Alitta virens,0,0,0,0,3,0,0,0,0,0,1,2,0,0,0,0,0,2,2,2,0,2,0,2,0,2,2,0,0,0,0,3,0,0,0,0,0,3,0,0,0,0,2,2,0,0,1,1,2,0,3,0,0,0,0,0,2,0,1,1,2,0,3,0,0,0,3,0,0,0,3,0,0,0,0,3
Ampharete acutifrons,0,0,2,2,0,0,0,0,2,2,0,0,0,0,0,0,3,0,0,3,0,0,0,0,2,1,0,0,0,3,0,0,0,0,0,0,0,3,0,0,0,0,3,0,0,2,0,0,2,3,0,0,0,0,0,0,3,0,0,0,0,3,3,0,0,0,0,0,3,0,3,0,0,0,0,3
Anguinella palmata,3,0,0,0,0,0,3,0,0,0,0,0,0,0,0,0,2,2,2,0,3,0,0,0,0,0,0,0,0,0,0,0,0,0,0,0,0,0,0,0,0,0,0,0,0,3,0,0,0,0,0,0,0,0,3,2,0,2,0,0,3,0,0,0,3,0,0,0,0,0,0,0,0,0,0,3
Anoplodactylus petiolatus,3,0,0,0,0,0,3,0,0,0,0,0,3,0,0,0,0,0,0,0,0,0,0,3,0,3,0,0,0,0,3,0,0,0,0,0,0,0,0,3,0,0,0,0,0,0,2,2,0,0,0,0,0,3,0,0,0,3,0,0,0,3,0,0,3,3,0,0,0,3,0,0,0,0,0,3
Aonides oxycephala,0,0,2,2,0,0,0,0,2,2,0,0,0,0,0,0,0,3,0,3,0,0,0,0,3,0,0,0,0,3,0,0,0,0,0,0,0,0,2,2,0,0,0,0,0,2,0,0,2,3,0,0,0,0,0,0,3,0,0,0,3,0,3,0,0,0,0,0,0,0,2,1,1,0,0,3
Aphelochaeta marioni,0,3,0,0,0,0,0,2,1,0,0,0,0,0,0,0,0,3,0,3,0,0,0,0,0,1,2,0,0,0,3,0,0,0,0,3,0,0,0,2,1,0,0,0,0,0,0,1,2,0,3,0,0,0,0,0,0,0,3,0,3,0,3,0,0,0,2,2,0,0,3,0,0,0,0,3
Arenicola defodiens,0,0,3,0,0,0,0,0,0,0,1,2,0,0,0,0,0,2,2,3,0,0,0,0,0,0,1,2,0,0,2,2,0,0,0,3,0,0,0,0,0,0,0,0,3,0,0,0,3,0,3,0,0,0,0,0,0,3,0,0,0,3,3,0,0,3,0,0,0,0,3,0,0,0,0,3
Arenicola marina,0,0,3,0,0,0,0,0,0,0,2,2,0,0,0,0,0,2,1,3,0,0,0,0,0,0,1,2,0,0,3,0,0,0,0,3,0,0,0,0,0,0,0,0,3,0,0,0,3,0,3,0,0,0,0,0,0,3,0,0,0,3,3,0,0,2,0,0,2,0,3,0,0,0,0,3
Arenicola sp.,0,0,3,0,0,0,0,0,0,1,2,2,0,0,0,0,0,2,1,3,0,0,0,0,0,0,1,2,0,0,2,2,0,0,0,3,0,0,0,0,0,0,0,0,3,0,0,0,3,0,3,0,0,0,0,0,0,3,0,0,0,3,3,0,0,2,0,0,2,0,0,0,0,0,0,3
Aricidea (Aricidea) minuta,0,3,0,0,0,0,1,2,1,0,0,0,0,3,0,0,0,0,0,3,0,0,0,0,0,0,0,0,0,0,0,0,0,0,0,3,0,0,0,3,0,0,0,0,0,0,0,0,3,0,3,0,0,0,0,0,0,3,0,0,2,2,3,0,0,3,0,0,0,0,3,0,0,0,0,3
Ascidiacea,3,0,0,0,0,0,3,0,0,0,0,0,0,0,2,2,2,2,2,0,3,0,0,0,0,2,2,0,0,2,2,0,0,0,2,2,0,2,2,2,0,0,2,0,0,3,0,0,0,0,0,0,0,0,3,2,2,2,0,0,2,1,3,0,0,0,2,2,1,0,3,0,0,2,2,2
Aspidelectra melolontha,3,0,0,0,0,0,3,0,0,0,0,0,3,0,0,0,0,0,0,0,3,0,0,0,0,0,0,0,0,0,0,0,0,0,0,0,0,0,0,0,0,0,0,0,0,3,0,0,0,0,0,0,0,0,3,2,0,3,0,0,3,0,0,3,0,0,0,0,0,0,0,0,0,0,3,0
Asterias rubens,3,0,0,0,0,0,2,1,0,0,0,0,0,0,0,0,0,2,2,0,0,1,0,2,0,0,1,2,0,0,3,0,0,0,0,3,0,0,0,0,0,0,0,0,3,0,0,3,0,0,0,3,0,0,0,0,3,0,0,3,0,0,2,2,0,1,2,0,0,0,3,0,0,0,0,3
Asteroidea,2,2,0,0,2,0,2,1,0,0,0,0,0,0,2,2,2,2,2,1,1,2,0,2,0,2,2,2,2,0,2,2,0,0,1,2,0,0,0,0,0,0,0,0,3,0,0,2,1,0,1,2,0,0,0,1,2,1,0,2,2,1,0,3,0,1,1,1,1,2,2,2,0,1,0,2
Austrominius modestus,3,0,0,0,0,0,3,0,0,0,0,0,1,2,0,0,0,0,0,0,3,0,0,0,0,0,3,0,0,3,0,0,0,0,3,0,0,0,0,0,0,0,3,0,0,3,0,0,0,0,0,0,0,0,3,0,0,3,0,3,0,0,0,2,2,2,2,2,2,0,3,0,0,0,3,0
Balanus,3,0,0,0,0,0,3,0,0,0,0,0,0,0,2,1,0,0,0,0,3,0,0,0,0,2,2,0,0,3,0,0,0,0,3,0,0,0,0,0,0,3,0,0,0,3,0,0,0,0,0,0,0,0,3,0,0,3,0,3,0,0,0,2,2,2,2,2,2,0,3,0,0,0,3,0
Balanus crenatus,3,0,0,0,0,0,3,0,0,0,0,0,0,1,2,1,0,0,0,0,3,0,0,0,0,3,0,0,0,3,0,0,0,0,3,0,0,0,0,0,1,2,0,0,0,3,0,0,0,0,0,0,0,0,3,0,0,3,0,3,0,0,0,2,2,1,2,1,1,0,3,0,0,0,3,0
Barnea candida,0,3,0,0,0,0,0,0,2,2,0,0,0,0,0,2,1,0,0,0,3,0,0,0,0,0,3,0,0,0,3,0,0,0,0,0,0,0,0,0,0,0,0,0,0,0,0,0,3,0,3,0,0,0,0,0,0,3,0,3,0,0,0,3,0,0,0,1,2,0,0,0,0,0,3,0
Bathyporeia,0,3,0,0,0,0,2,2,2,1,0,0,1,2,0,0,0,0,0,3,0,0,0,0,3,0,0,0,0,3,0,0,0,0,2,1,0,0,3,0,0,0,0,0,0,0,2,0,2,0,3,0,0,0,0,0,0,3,0,0,0,3,0,0,3,1,1,1,1,0,0,2,1,3,0,0
Bathyporeia elegans,0,3,0,0,0,0,2,2,2,1,0,0,1,2,0,0,0,0,0,3,0,0,0,0,3,0,0,0,0,3,0,0,0,0,3,0,0,0,3,0,0,0,0,0,0,0,2,0,2,0,3,0,0,0,0,0,0,3,0,0,0,3,0,0,3,0,2,0,2,0,0,3,0,3,0,0
Bathyporeia guilliamsoniana,0,3,0,0,0,0,2,2,2,1,0,0,0,3,0,0,0,0,0,3,0,0,0,0,3,0,0,0,0,3,0,0,0,0,3,0,0,0,3,0,0,0,0,0,0,0,2,0,2,0,3,0,0,0,0,0,0,3,0,0,0,3,0,0,3,1,2,1,0,0,0,3,0,3,0,0
Bathyporeia pelagica,0,3,0,0,0,0,2,2,2,1,0,0,0,3,0,0,0,0,0,3,0,0,0,0,3,0,0,0,0,3,0,0,0,0,3,0,0,0,3,0,0,0,0,0,0,0,2,0,2,0,3,0,0,0,0,0,0,3,0,0,0,3,0,0,3,0,2,2,0,0,0,3,0,3,0,0
Bathyporeia pilosa,0,3,0,0,0,0,2,2,2,1,0,0,0,3,0,0,0,0,0,3,0,0,0,0,3,0,0,0,0,3,0,0,0,0,3,0,0,0,3,0,0,0,0,0,0,0,2,0,2,0,3,0,0,0,0,0,0,3,0,0,0,3,0,0,3,1,2,2,1,0,0,0,3,3,0,0
Bathyporeia sarsi,0,3,0,0,0,0,2,2,2,0,0,0,0,3,0,0,0,0,0,3,0,0,0,0,3,0,0,0,0,3,0,0,0,0,3,0,0,0,3,0,0,0,0,0,0,0,2,0,2,0,3,0,0,0,0,0,0,3,0,0,0,3,0,0,3,1,2,1,2,0,0,0,3,3,0,0
Bivalvia,2,2,2,2,2,0,2,2,2,2,2,2,2,2,2,2,2,2,2,2,2,0,0,0,1,2,2,2,2,1,2,2,2,1,2,2,0,2,0,0,1,1,1,1,2,2,2,0,2,0,2,2,0,0,2,0,2,1,0,3,0,0,0,3,0,2,2,2,2,2,1,0,0,0,1,2
Bodotria scorpioides,0,3,0,0,0,0,0,2,2,0,0,0,0,3,0,0,0,0,0,3,0,0,0,0,3,0,0,0,0,3,0,0,0,0,0,0,0,3,2,1,0,0,0,0,0,0,1,0,2,0,3,0,0,0,0,0,0,3,0,0,0,3,0,0,3,1,2,1,0,0,0,3,0,3,0,0
Brachyura,2,2,0,0,0,2,2,1,0,0,0,0,0,2,2,2,2,2,2,0,0,2,1,2,0,2,2,2,2,2,2,1,0,1,2,2,0,0,0,1,1,1,2,2,2,0,1,2,0,0,0,2,2,0,0,0,0,3,0,2,0,1,0,0,3,2,2,2,2,2,2,0,2,0,2,2
Buccinum undatum,2,1,0,0,0,0,3,0,0,0,0,0,0,0,0,0,2,2,0,0,0,1,0,2,0,0,0,0,3,0,0,0,3,0,3,0,0,0,0,0,0,0,0,0,3,0,0,3,0,0,0,3,0,0,0,0,0,0,3,0,0,3,2,2,0,2,2,0,2,0,3,0,0,0,0,3
Bylgides sarsi,0,2,0,0,2,0,2,1,0,0,0,0,0,0,0,0,3,0,0,3,0,0,0,0,0,3,0,0,0,0,2,1,0,0,0,0,0,0,0,0,0,0,2,2,0,0,1,2,2,0,0,3,0,0,0,0,0,3,0,3,0,0,3,0,0,0,0,0,0,0,3,0,0,0,0,3
Calliopius laeviusculus,1,2,0,0,0,0,2,1,0,0,0,0,0,2,2,0,0,0,0,2,0,2,0,2,3,0,0,0,0,3,0,0,0,0,3,0,0,0,2,1,0,0,0,0,0,0,2,0,1,0,1,2,0,0,0,0,0,3,0,0,0,3,0,0,3,0,2,2,0,0,0,0,3,3,0,0
Calycella syringa,3,0,0,0,0,0,3,0,0,0,0,0,3,0,0,0,0,0,0,0,3,0,0,0,0,0,0,0,0,0,0,0,0,0,0,0,0,0,0,0,0,0,0,0,0,3,0,0,0,0,0,0,0,3,0,2,2,0,0,0,3,0,0,0,3,0,0,0,0,3,0,0,0,0,3,0
Campanulariidae,3,0,0,0,0,0,3,0,0,0,0,0,0,0,0,0,2,2,2,0,2,0,0,2,0,0,0,0,3,3,0,0,0,0,3,0,0,0,1,0,0,0,2,0,0,3,0,0,0,0,0,0,0,2,2,2,2,1,0,1,2,1,0,0,3,2,2,2,2,2,2,0,0,0,1,2
Cancer pagurus,3,0,0,0,0,0,3,0,0,0,0,0,0,0,0,0,0,2,1,0,0,0,0,3,0,0,0,0,3,0,0,0,0,3,3,0,0,0,0,0,0,0,0,0,3,0,1,2,0,0,0,3,0,0,0,0,0,3,0,3,0,0,0,0,3,2,0,0,1,0,0,0,3,0,3,0
Capitella capitata,0,0,3,0,0,0,0,2,1,0,0,0,0,0,0,1,2,1,0,3,0,0,0,0,0,3,0,0,0,3,0,0,0,0,3,0,0,0,0,0,3,0,0,0,0,0,0,0,3,0,3,0,0,0,0,0,0,3,0,0,3,0,3,0,0,2,2,2,2,0,3,0,0,0,3,0
Capitella sp.,0,0,3,0,0,0,0,2,2,0,0,0,0,0,2,2,2,2,0,3,0,0,0,0,0,3,0,0,0,3,0,0,0,0,3,0,0,0,2,2,2,0,0,0,0,0,0,0,3,0,2,2,0,0,0,0,0,3,0,0,3,0,3,0,0,2,2,2,2,0,2,2,0,0,3,0
Capitellidae,0,0,2,2,0,0,0,2,2,2,0,0,2,2,2,2,2,2,0,3,0,0,0,0,0,3,0,0,0,0,3,0,0,0,3,0,0,0,0,3,0,0,0,0,0,0,0,0,3,2,2,0,0,0,0,0,2,2,0,2,2,0,3,0,0,2,2,2,2,0,2,2,0,0,2,2
Caprella linearis,0,3,0,0,0,0,2,1,0,0,0,0,1,2,1,0,0,0,0,1,2,0,0,0,3,0,0,0,0,3,0,0,0,0,0,0,0,0,0,0,0,0,0,0,0,0,0,3,0,0,0,2,0,2,0,0,0,3,0,0,0,3,0,0,3,0,0,0,0,0,0,0,3,3,0,0
Carcinus maenas,2,0,0,0,0,2,2,1,0,0,0,0,0,0,1,2,2,0,0,0,0,2,0,2,0,0,1,2,0,0,3,0,0,0,0,3,0,0,0,0,0,0,0,0,3,0,0,3,0,0,0,3,0,0,0,0,0,3,0,3,0,0,0,0,3,1,2,2,0,0,0,0,3,0,3,0
Caridea,2,2,0,0,0,0,2,1,0,0,0,0,0,0,2,2,1,1,0,0,2,2,2,2,0,2,2,0,0,2,2,2,0,0,0,2,2,0,0,0,2,2,0,0,0,0,2,2,1,0,0,3,0,0,0,0,0,3,0,3,0,0,0,0,3,1,2,2,1,0,2,2,2,0,3,0
Centraloecetes kroyeranus,0,3,0,0,0,0,0,0,0,0,0,0,2,2,0,0,0,0,0,3,0,0,0,0,2,1,0,0,0,3,0,0,0,0,3,0,0,0,0,0,0,0,0,0,0,0,2,2,0,2,0,2,0,0,0,0,0,3,0,0,0,3,0,0,3,0,2,2,0,0,0,0,0,3,0,0
Cerastoderma edule,0,3,0,0,0,0,0,2,1,0,0,0,0,0,2,2,1,0,0,0,3,0,0,0,0,2,2,1,0,0,3,0,0,0,0,3,0,0,0,0,0,0,0,2,2,0,0,1,2,0,3,0,0,0,0,0,3,0,0,3,0,0,0,3,0,0,1,2,0,3,0,0,0,0,0,3
Cerastoderma glaucum,0,3,0,0,0,0,0,2,1,0,0,0,0,0,0,2,2,0,0,0,3,0,0,0,0,2,2,0,0,3,0,0,0,0,2,2,0,0,0,0,0,0,0,2,2,0,0,1,2,0,3,0,0,0,0,0,3,0,0,3,0,0,0,3,0,0,2,2,0,3,0,0,0,0,0,3
Cheirocratus sundevalli,0,3,0,0,0,0,2,1,0,0,0,0,2,2,0,0,0,0,0,3,0,0,0,0,3,0,0,0,0,3,0,0,0,0,0,3,0,0,2,1,0,0,0,0,0,0,2,2,0,0,0,3,0,0,0,0,0,3,0,0,0,3,0,0,3,0,0,0,0,0,0,0,3,3,0,0
Cirratulus tentaculata,0,3,0,0,0,0,0,2,2,0,0,0,0,0,0,0,1,2,2,3,0,0,0,0,0,0,3,0,0,1,2,0,0,0,0,0,3,0,0,0,0,0,3,0,0,0,0,0,3,0,2,0,2,2,0,0,0,2,2,1,2,0,3,0,0,0,2,2,0,0,3,0,0,0,2,2
Clytia hemisphaerica,3,0,0,0,0,0,3,0,0,0,0,0,0,0,0,0,0,0,3,0,3,0,0,0,0,0,0,0,3,3,0,0,0,0,3,0,0,0,0,0,0,0,0,0,0,3,0,0,0,0,0,0,0,0,3,2,2,0,0,3,0,0,0,0,3,2,2,2,2,0,3,0,0,0,0,3
Conopeum reticulum,3,0,0,0,0,0,3,0,0,0,0,0,3,0,0,0,0,0,0,0,3,0,0,0,0,0,0,0,3,3,0,0,0,0,3,0,0,0,0,0,0,0,0,0,0,3,0,0,0,0,0,0,0,2,2,1,2,0,0,3,0,0,0,0,3,0,0,2,2,3,0,0,0,0,0,3
Corophium,1,2,0,0,0,0,0,0,2,1,0,0,1,2,1,0,0,0,0,2,2,0,1,0,3,0,0,0,0,3,0,0,0,0,2,1,0,0,3,0,0,0,0,0,0,0,2,2,2,1,2,0,0,0,0,0,0,3,0,0,0,3,0,0,3,0,2,2,1,0,0,3,0,3,0,0
Corophium arenarium,1,2,0,0,0,0,0,0,3,0,0,0,1,2,0,0,0,0,0,2,2,0,0,0,3,0,0,0,0,3,0,0,0,0,2,1,0,0,3,0,0,0,0,0,0,0,2,2,2,0,3,0,0,0,0,0,0,3,0,0,0,3,0,0,3,0,2,2,1,0,0,3,0,3,0,0
Corophium volutator,1,2,0,0,0,0,0,0,3,0,0,0,1,2,1,0,0,0,0,2,2,0,1,0,3,0,0,0,0,3,0,0,0,0,2,1,0,0,3,0,0,0,0,0,0,0,2,2,2,0,3,0,0,0,0,0,0,3,0,0,0,3,0,0,3,0,2,2,1,0,0,3,0,3,0,0
Crangon crangon,2,2,0,0,0,0,2,2,0,0,0,0,0,0,0,1,2,1,0,0,0,2,1,2,0,1,2,0,0,0,3,0,0,0,3,0,0,0,0,0,0,3,0,0,0,0,2,2,1,0,0,3,0,0,0,0,0,3,0,3,0,0,0,0,3,1,2,2,1,0,0,0,3,0,3,0
Crepidula fornicata,3,0,0,0,0,0,3,0,0,0,0,0,0,1,2,2,1,0,0,0,3,0,0,0,0,0,1,2,0,3,0,0,0,0,3,0,0,0,0,0,0,0,2,2,0,3,0,0,0,0,0,0,0,2,2,0,0,3,0,0,0,3,2,2,0,1,2,2,1,0,3,0,0,0,0,3
Cryptosula pallasiana,3,0,0,0,0,0,3,0,0,0,0,0,3,0,0,0,0,0,0,0,3,0,0,0,0,0,0,0,0,0,0,0,0,0,0,0,0,0,0,0,0,0,0,0,0,3,0,0,0,0,0,0,0,2,2,2,0,2,0,3,0,0,0,3,0,0,0,0,0,3,0,0,0,0,3,0
Cumacea,0,3,0,0,0,0,0,2,1,0,0,0,0,2,2,1,0,0,0,2,2,0,0,0,3,0,0,0,0,3,0,0,0,0,1,0,0,2,2,2,0,0,0,0,0,0,2,0,2,0,2,1,0,0,0,0,0,3,0,0,0,3,0,0,3,2,2,2,2,0,0,0,3,3,0,0
Cumopsis goodsir,0,3,0,0,0,0,0,3,0,0,0,0,1,2,0,0,0,0,0,3,0,0,0,0,3,0,0,0,0,3,0,0,0,0,3,0,0,0,3,0,0,0,0,0,0,0,1,0,2,0,3,0,0,0,0,0,0,3,0,0,0,3,0,0,3,2,2,2,2,0,0,0,3,3,0,0
Cylista troglodytes,3,0,0,0,0,0,2,2,1,0,0,0,0,0,0,0,0,3,0,0,3,0,0,0,0,0,0,0,3,0,0,3,0,0,3,0,0,0,0,3,0,0,0,0,0,3,0,0,0,0,2,0,1,0,2,1,0,2,0,0,0,3,3,0,0,0,2,2,0,0,3,0,0,3,0,0
Diogenes pugilator,3,0,0,0,0,0,2,1,0,0,0,0,2,1,1,0,0,0,0,0,0,2,0,2,0,3,0,0,0,3,0,0,0,0,3,0,0,0,2,2,2,1,0,0,0,0,0,3,0,0,0,3,0,0,0,0,0,3,0,3,0,0,0,2,2,2,2,2,2,0,0,3,0,0,3,0
Dipolydora coeca,0,0,2,2,0,0,2,2,2,0,0,0,0,0,0,2,1,0,0,2,1,0,0,0,0,3,0,0,0,3,0,0,0,0,3,0,0,0,2,2,0,0,0,0,0,0,0,0,3,3,0,0,0,0,0,0,0,3,0,3,0,0,3,0,0,0,3,0,0,0,3,0,0,0,3,0
Donax vittatus,0,3,0,0,0,0,0,3,0,0,0,0,0,2,2,1,0,0,0,0,3,0,0,0,0,0,2,2,0,0,2,2,0,0,0,3,0,0,0,0,0,0,0,0,3,0,0,0,3,0,3,0,0,0,0,0,3,0,0,3,0,0,0,3,0,0,0,3,0,3,0,0,0,0,0,3
Dyopedos monacanthus,0,3,0,0,0,0,2,1,0,0,0,0,0,3,0,0,0,0,0,0,3,0,0,0,0,3,0,0,0,3,0,0,0,0,3,0,0,0,2,2,0,0,0,0,0,0,2,1,1,0,2,2,0,0,0,0,0,3,0,0,0,3,0,0,3,2,2,1,1,0,0,2,1,3,0,0
Echinocardium cordatum,0,0,0,0,3,0,0,1,2,2,0,0,0,0,0,1,2,1,0,3,0,0,0,0,0,0,0,0,3,0,0,3,0,0,0,3,0,0,0,0,0,0,0,0,3,0,0,0,3,0,3,0,0,0,0,0,3,0,0,3,0,0,0,3,0,0,1,2,0,0,3,0,0,0,0,3
Ecrobia ventrosa,2,2,0,0,0,0,2,1,0,0,0,0,2,2,0,0,0,0,0,3,0,0,0,0,0,3,0,0,0,2,1,0,0,0,3,0,0,0,2,2,0,0,0,0,0,0,0,3,0,0,0,3,0,0,0,0,0,0,3,0,0,3,2,2,0,0,2,2,0,0,3,0,0,0,0,3
Einhornia crustulenta,3,0,0,0,0,0,3,0,0,0,0,0,3,0,0,0,0,0,0,0,3,0,0,0,0,0,0,0,0,3,0,0,0,0,3,0,0,0,3,0,0,0,0,0,0,3,0,0,0,0,0,0,0,3,0,2,0,2,0,3,0,0,0,3,0,0,0,0,0,3,0,0,0,0,3,0
Electra monostachys,3,0,0,0,0,0,3,0,0,0,0,0,3,0,0,0,0,0,0,0,3,0,0,0,0,0,0,0,0,3,0,0,0,0,3,0,0,0,3,0,0,0,0,0,0,3,0,0,0,0,0,0,0,3,0,2,0,2,0,3,0,0,0,3,0,0,0,2,1,3,0,0,0,0,3,0
Electra pilosa,3,0,0,0,0,0,3,0,0,0,0,0,3,0,0,0,0,0,0,0,3,0,0,0,0,0,0,0,0,3,0,0,0,0,3,0,0,0,3,0,0,0,0,0,0,3,0,0,0,0,0,0,0,3,0,2,0,2,0,3,0,0,0,3,0,0,0,2,1,3,0,0,0,0,3,0
Ensis leei,0,3,0,0,0,0,0,0,2,2,0,0,0,0,0,0,0,3,0,0,3,0,0,0,0,0,2,2,0,3,0,0,0,0,3,0,0,0,0,0,0,0,0,0,3,0,1,0,2,0,3,0,0,0,0,0,3,0,0,3,0,0,0,3,0,2,2,2,0,3,0,0,0,0,0,3
Eteone,0,0,0,0,3,0,0,3,0,0,0,0,0,0,0,0,2,2,1,1,0,2,0,2,0,3,0,0,0,0,3,0,0,0,0,3,0,0,0,0,3,0,0,0,0,0,2,2,2,0,2,2,0,0,0,0,3,0,0,2,1,0,3,0,0,0,3,0,0,0,3,0,0,0,0,3
Eteone flava,0,0,0,0,3,0,0,3,0,0,0,0,0,0,0,0,2,1,0,1,0,2,0,2,0,3,0,0,0,0,3,0,0,0,0,3,0,0,0,0,3,0,0,0,0,0,2,2,2,0,2,2,0,0,0,0,3,0,0,3,0,0,3,0,0,0,3,0,0,0,3,0,0,0,0,3
Eteone longa,0,0,0,0,3,0,0,3,0,0,0,0,0,0,0,0,2,2,1,1,0,2,0,2,0,3,0,0,0,0,3,0,0,0,0,3,0,0,0,0,3,0,0,0,0,0,2,2,2,0,2,2,0,0,0,0,3,0,0,3,0,0,3,0,0,0,3,0,0,0,3,0,0,0,0,3
Eualus cranchii,0,3,0,0,0,0,3,0,0,0,0,0,0,0,2,2,0,0,0,0,0,2,0,2,0,0,3,0,0,0,0,3,0,0,0,0,0,0,0,0,0,0,0,0,0,0,3,0,0,0,0,3,0,0,0,0,0,3,0,3,0,0,0,0,3,0,2,2,1,0,0,0,0,0,3,0
Eulalia viridis,0,0,0,0,3,0,2,1,0,0,0,0,0,0,0,0,0,3,0,0,0,2,0,2,0,0,0,3,0,3,0,0,0,0,0,3,0,0,0,0,0,3,0,0,0,0,0,3,0,0,0,2,2,0,0,0,0,0,3,3,0,0,3,0,0,0,0,3,0,3,0,0,0,0,0,3
Eumida sanguinea,0,0,0,0,3,0,0,2,2,0,0,0,0,0,0,0,2,2,0,0,0,0,0,3,0,3,0,0,0,3,0,0,0,0,0,0,0,0,0,0,0,0,3,0,0,0,0,2,1,0,0,3,0,0,0,0,0,0,3,2,2,0,3,0,0,0,2,2,0,3,0,0,0,0,0,3
Eumida sp.,0,0,0,0,3,0,2,2,1,0,0,0,0,2,2,2,2,2,0,0,0,0,0,3,0,3,0,0,0,3,0,0,0,0,0,0,0,0,0,0,0,0,3,0,0,0,0,2,1,0,0,3,0,0,0,0,0,0,3,2,2,0,3,0,0,0,2,2,0,2,1,0,0,0,0,3
Eunereis longissima,0,0,0,0,3,0,0,3,0,0,0,0,0,0,0,0,0,0,3,3,0,0,0,0,1,2,0,0,0,2,2,0,0,0,0,0,0,3,0,0,0,0,0,3,0,0,0,0,3,0,3,0,0,0,0,0,0,0,3,3,0,0,3,0,0,0,2,2,0,0,3,0,0,0,0,3
Eurydice pulchra,0,3,0,0,0,0,2,1,0,0,0,0,0,3,0,0,0,0,0,0,0,1,0,2,0,3,0,0,0,3,0,0,0,0,2,2,0,0,3,0,0,0,0,0,0,0,2,0,2,0,2,2,0,0,0,0,0,3,0,0,0,3,0,0,3,0,2,2,0,0,0,0,3,3,0,0
Fabulina fabula,0,3,0,0,0,0,0,0,0,3,0,0,0,0,3,0,0,0,0,2,2,0,0,0,0,0,3,0,0,0,3,0,0,0,3,0,0,0,0,0,0,0,0,0,3,0,0,0,3,0,3,0,0,0,0,0,3,0,0,3,0,0,0,3,0,0,2,2,0,3,0,0,0,0,0,3
Farrella repens,3,0,0,0,0,0,3,0,0,0,0,0,3,0,0,0,0,0,0,0,3,0,0,0,0,0,0,0,0,0,0,0,0,0,0,0,0,0,0,0,0,0,0,0,0,3,0,0,0,0,0,0,0,2,2,2,2,0,0,0,3,0,0,3,0,0,0,0,0,0,0,0,0,0,0,3
Gammarus,0,3,0,0,0,0,3,0,0,0,0,0,0,0,2,2,0,0,0,2,0,1,2,0,2,1,0,0,0,3,0,0,0,0,2,2,0,0,2,1,0,0,0,0,0,0,1,2,0,0,0,3,0,0,0,0,0,3,0,0,0,3,0,0,3,2,2,2,2,0,0,0,3,3,0,0
Gammarus locusta,0,3,0,0,0,0,3,0,0,0,0,0,0,0,2,2,0,0,0,2,0,1,2,0,3,0,0,0,0,3,0,0,0,0,3,0,0,0,2,1,0,0,0,0,0,0,1,2,0,0,0,3,0,0,0,0,0,3,0,0,0,3,0,0,3,1,1,2,2,0,0,0,3,3,0,0
Gammarus salinus,0,3,0,0,0,0,3,0,0,0,0,0,0,0,2,1,0,0,0,2,0,0,1,0,3,0,0,0,0,3,0,0,0,0,2,2,0,0,2,1,0,0,0,0,0,0,1,2,0,0,0,3,0,0,0,0,0,3,0,0,0,3,0,0,3,1,2,2,2,0,0,0,3,3,0,0
Gastropoda,2,2,0,0,0,0,2,2,0,0,0,0,2,2,2,2,2,2,0,2,2,1,2,2,2,2,2,2,2,2,2,2,2,0,2,2,0,2,2,2,0,0,2,2,0,2,1,2,1,0,1,2,2,1,1,0,2,2,2,2,1,2,2,2,0,2,2,2,2,0,3,0,0,0,0,3
Gastrosaccus spinifer,0,3,0,0,0,0,2,2,0,0,0,0,0,0,2,1,0,0,0,2,2,0,0,0,0,3,0,0,0,3,0,0,0,0,3,0,0,0,2,2,0,0,0,0,0,0,2,2,2,0,2,2,0,0,0,0,0,3,0,0,0,3,0,0,3,0,2,2,0,0,0,0,3,3,0,0
Gattyana cirrhosa,0,0,0,0,3,0,0,0,0,0,3,0,0,0,0,2,2,0,0,0,0,0,0,3,0,0,3,0,0,0,3,0,0,0,0,3,0,0,0,0,0,0,0,0,3,0,1,2,0,2,0,2,0,2,0,0,3,0,0,3,0,0,3,0,0,0,3,0,0,3,0,0,0,0,0,3
Glycera,0,0,0,0,3,0,0,0,0,2,2,0,0,0,0,0,2,2,2,1,0,0,0,2,0,0,3,0,0,0,0,3,0,0,0,0,0,3,0,0,0,0,0,0,3,0,1,0,2,0,3,0,0,0,0,0,3,0,0,3,0,0,3,0,0,0,3,0,0,0,3,0,0,0,0,3
Glycera alba,0,0,0,0,3,0,0,0,0,3,0,0,0,0,0,0,3,0,0,0,0,0,0,3,0,0,3,0,0,0,0,3,0,0,0,0,0,3,0,0,0,0,0,0,3,0,1,0,2,0,3,0,0,0,0,0,3,0,0,3,0,0,3,0,0,0,3,0,0,0,3,0,0,0,0,3
Glycera tridactyla,0,0,0,0,3,0,0,0,0,2,2,0,0,0,0,0,0,3,0,0,0,0,0,3,0,0,3,0,0,0,0,3,0,0,0,0,0,3,0,0,0,0,0,0,3,0,1,0,2,0,3,0,0,0,0,0,3,0,0,3,0,0,3,0,0,0,3,0,0,0,3,0,0,0,0,3
Glycera unicornis,0,0,0,0,3,0,0,0,0,2,2,0,0,0,0,0,0,3,0,0,0,0,0,3,0,0,3,0,0,0,0,3,0,0,0,0,0,3,0,0,0,0,0,0,3,0,1,0,2,0,3,0,0,0,0,0,3,0,0,3,0,0,3,0,0,0,3,0,0,0,3,0,0,0,0,3
Harmothoe imbricata,0,0,0,0,3,0,2,1,0,0,0,0,0,0,0,0,3,0,0,0,0,0,0,3,0,2,2,0,0,1,2,0,0,0,3,0,0,2,0,0,0,2,2,2,0,0,0,2,1,0,1,2,2,2,0,0,1,2,0,2,0,2,3,0,0,2,2,0,0,0,3,0,0,0,2,1
Harmothoe impar,0,0,0,0,3,0,2,1,0,0,0,0,0,0,2,2,0,0,0,0,0,0,0,3,0,2,2,0,0,1,2,0,0,0,3,0,0,0,0,0,0,2,2,0,0,0,0,2,1,0,1,2,2,2,0,0,0,3,0,3,0,0,3,0,0,0,2,2,0,0,3,0,0,0,3,0
Hartlaubella gelatinosa,3,0,0,0,0,0,3,0,0,0,0,0,0,0,0,0,0,0,3,0,0,0,0,3,0,0,0,0,3,3,0,0,0,0,3,0,0,0,3,0,0,0,0,0,0,3,0,0,0,0,0,0,0,0,3,2,0,2,0,3,0,0,0,0,3,0,2,2,1,3,0,0,0,0,3,0
Haustorius arenarius,0,3,0,0,0,0,0,0,0,3,0,0,0,0,3,0,0,0,0,0,3,0,0,0,3,0,0,0,0,3,0,0,0,0,3,0,0,0,3,0,0,0,0,0,0,0,1,0,2,0,3,0,0,0,0,0,0,3,0,0,0,3,0,0,3,0,0,0,0,0,0,0,3,3,0,0
Hediste diversicolor,0,0,0,0,3,0,0,0,1,2,1,0,0,0,0,0,2,2,0,2,1,1,0,1,0,3,0,0,0,1,2,0,0,0,0,0,0,3,0,0,1,2,0,0,0,0,1,2,2,0,2,1,0,0,0,0,0,3,0,0,3,0,3,0,0,1,2,0,0,0,3,0,0,0,3,0
Hemigrapsus sanguineus,3,0,0,0,0,0,2,1,0,0,0,0,0,2,2,1,1,0,0,0,0,2,1,2,0,1,2,0,0,2,2,1,0,0,3,0,0,0,0,1,1,1,2,2,1,0,0,3,0,0,0,2,2,0,0,0,0,3,0,2,0,2,0,0,3,0,1,2,2,3,0,0,0,0,0,3
Hemigrapsus takanoi,3,0,0,0,0,0,2,1,0,0,0,0,0,2,2,1,0,0,0,0,0,2,1,2,0,3,0,0,0,3,0,0,0,0,3,0,0,0,0,1,1,1,2,2,1,0,0,3,0,0,0,2,2,0,0,0,0,3,0,3,0,0,0,0,3,0,2,2,1,0,3,0,0,0,0,3
Heteromastus filiformis,0,0,3,0,0,0,0,0,0,1,2,2,0,0,0,0,0,3,0,3,0,0,0,0,0,3,0,0,0,0,3,0,0,0,0,0,0,3,0,3,0,0,0,0,0,0,0,0,3,3,0,0,0,0,0,0,3,0,0,3,0,0,3,0,0,1,2,0,2,0,3,0,0,0,0,3
Hypereteone foliosa,0,0,0,0,3,0,0,0,2,2,0,0,0,0,0,0,0,3,0,0,0,2,0,2,0,3,0,0,0,3,0,0,0,0,0,0,0,0,0,0,0,0,3,0,0,0,0,0,3,0,3,0,0,0,0,0,3,0,0,3,0,0,3,0,0,0,0,0,0,0,3,0,0,0,0,3
Idotea balthica,3,0,0,0,0,0,3,0,0,0,0,0,0,0,2,1,0,0,0,0,0,2,2,0,2,1,0,0,0,3,0,0,0,0,3,0,0,0,0,3,0,0,0,0,0,0,2,2,0,0,0,3,0,0,0,0,0,3,0,0,0,3,0,0,3,2,1,2,0,0,0,0,3,3,0,0
Idotea chelipes,3,0,0,0,0,0,3,0,0,0,0,0,0,0,3,0,0,0,0,0,0,2,2,0,2,1,0,0,0,3,0,0,0,0,3,0,0,0,0,3,0,0,0,0,0,0,2,2,0,0,0,3,0,0,0,0,0,3,0,0,0,3,0,0,3,0,1,2,1,0,0,0,3,3,0,0
Idotea linearis,3,0,0,0,0,0,3,0,0,0,0,0,0,0,0,3,0,0,0,0,0,2,2,0,2,1,0,0,0,3,0,0,0,0,3,0,0,0,0,3,0,0,0,0,0,0,2,2,0,0,0,3,0,0,0,0,0,3,0,0,0,3,0,0,3,0,0,0,0,0,0,0,3,3,0,0
Jaera (jaera) albifrons,3,0,0,0,0,0,3,0,0,0,0,0,3,0,0,0,0,0,0,0,0,0,3,0,3,0,0,0,0,3,0,0,0,0,3,0,0,0,2,1,0,0,0,0,0,0,1,2,0,0,0,0,2,2,0,0,0,3,0,0,0,3,0,0,3,0,2,2,2,0,0,0,3,3,0,0
Jassa marmorata,3,0,0,0,0,0,3,0,0,0,0,0,0,3,0,0,0,0,0,0,3,0,0,0,3,0,0,0,0,3,0,0,0,0,2,2,0,0,2,2,0,0,0,0,0,0,2,2,2,2,0,2,0,0,0,0,0,3,0,0,0,3,0,0,3,2,2,2,0,0,0,3,0,3,0,0
Kurtiella bidentata,0,3,0,0,0,0,0,2,1,0,0,0,3,0,0,0,0,0,0,1,2,0,0,0,0,0,3,0,0,0,3,0,0,0,3,0,0,0,0,0,3,0,0,0,0,0,0,2,2,0,2,0,2,0,0,0,0,3,0,3,0,0,0,3,0,0,0,2,2,0,3,0,0,0,3,0
Lagis koreni,0,0,3,0,0,0,0,2,2,0,0,0,0,0,0,0,3,0,0,3,0,0,0,0,2,2,0,0,0,3,0,0,0,0,0,0,0,3,0,0,0,0,2,2,2,2,0,0,2,3,0,0,0,0,0,0,3,0,0,3,0,0,3,0,0,0,3,0,0,3,0,0,0,0,0,3
Lamprops fasciatus,0,3,0,0,0,0,0,3,0,0,0,0,0,3,0,0,0,0,0,3,0,0,0,0,3,0,0,0,0,1,0,0,0,0,0,0,0,0,3,0,0,0,0,0,0,0,2,0,2,0,2,1,0,0,0,0,0,3,0,0,0,3,0,0,3,0,3,0,0,0,0,0,3,3,0,0
Lanice conchilega,0,0,0,3,0,0,0,0,0,0,2,2,0,0,0,0,0,0,3,2,1,0,0,0,0,3,0,0,0,3,0,0,0,0,3,0,0,0,0,0,0,0,0,0,3,2,0,0,2,3,0,0,0,0,0,0,3,0,0,3,0,0,3,0,0,0,2,2,2,0,3,0,0,0,0,3
Lekanesphaera rugicauda,0,3,0,0,0,0,2,2,0,0,0,0,0,3,0,0,0,0,0,3,0,0,0,0,3,0,0,0,0,3,0,0,0,0,0,0,0,3,2,1,0,0,0,0,0,0,0,2,2,0,2,0,2,0,0,0,0,3,0,0,0,3,0,0,3,0,3,0,0,0,0,3,0,3,0,0
Lepidochitona cinerea,3,0,0,0,0,0,3,0,0,0,0,0,0,2,2,0,0,0,0,0,0,0,2,0,0,0,2,1,0,3,0,0,0,0,3,0,0,0,0,0,3,0,0,0,0,2,0,2,0,0,0,0,0,0,3,0,0,0,3,3,0,0,0,3,0,0,0,2,1,0,3,0,0,0,0,3
Lepidonotus squamatus,3,0,0,0,0,0,3,0,0,0,0,0,0,0,0,2,2,0,0,0,0,0,0,3,0,0,2,2,0,0,0,3,0,0,0,0,0,3,0,0,0,0,0,0,3,0,0,3,0,0,0,2,0,2,0,0,3,0,0,3,0,0,3,0,0,0,2,2,0,3,0,0,0,0,0,3
Leucothoe lilljeborgi,0,3,0,0,0,0,0,3,0,0,0,0,0,3,0,0,0,0,0,0,3,0,0,0,0,0,0,0,0,0,0,0,0,0,0,0,0,0,0,3,0,0,0,0,0,0,2,0,2,0,3,0,0,0,0,0,0,3,0,0,0,3,0,0,3,0,0,0,0,0,0,0,0,3,0,0
Littorina littorea,3,0,0,0,0,0,3,0,0,0,0,0,0,0,3,0,0,0,0,0,0,0,3,0,0,0,0,3,0,0,0,3,0,0,3,0,0,0,0,0,0,0,2,2,0,0,0,3,0,0,0,0,2,2,0,0,0,0,3,3,0,0,2,2,0,3,0,0,0,0,3,0,0,0,0,3
Littorina obtusata,3,0,0,0,0,0,3,0,0,0,0,0,0,0,3,0,0,0,0,0,0,0,3,0,0,0,3,0,0,0,3,0,0,0,3,0,0,0,0,0,0,0,2,2,0,0,0,3,0,0,0,0,2,2,0,0,0,0,3,0,0,3,2,2,0,0,2,2,2,0,3,0,0,0,0,3
Macoma balthica,0,3,0,0,0,0,0,2,1,0,0,0,0,1,2,1,0,0,0,2,2,0,0,0,0,0,1,2,1,0,3,0,0,0,3,0,0,0,0,0,0,0,0,3,0,0,0,0,3,0,3,0,0,0,0,0,3,0,0,3,0,0,0,3,0,0,2,0,1,0,3,0,0,0,0,3
Macomangulus tenuis,0,3,0,0,0,0,0,0,2,2,0,0,0,0,0,3,0,0,0,0,3,0,0,0,0,0,0,3,0,0,3,0,0,0,0,3,0,0,0,0,0,0,0,0,3,0,0,0,3,0,3,0,0,0,0,0,3,0,0,3,0,0,0,3,0,0,0,3,0,3,0,0,0,0,0,3
Mactra stultorum,0,3,0,0,0,0,0,0,0,3,0,0,0,0,0,2,1,0,0,0,3,0,0,0,0,0,2,2,0,0,3,0,0,0,0,3,0,0,0,0,0,0,0,0,0,0,0,0,3,0,3,0,0,0,0,0,3,0,0,3,0,0,0,3,0,0,2,2,0,3,0,0,0,0,0,3
Magallana gigas,3,0,0,0,0,0,3,0,0,0,0,0,0,0,0,0,0,0,3,0,3,0,0,0,0,0,0,0,3,2,2,0,0,0,0,3,0,0,0,0,0,0,0,0,3,3,0,0,0,0,0,0,0,0,3,0,3,0,0,3,0,0,0,3,0,0,0,3,0,3,0,0,0,0,0,3
Magelona,0,3,0,0,0,0,0,2,2,2,2,0,0,0,0,2,2,2,0,2,2,0,0,0,0,0,3,0,0,0,3,0,0,0,0,0,0,3,0,0,0,0,2,2,2,0,0,0,3,0,3,0,0,0,0,0,3,0,0,3,0,0,3,0,0,0,2,2,0,0,3,0,0,0,0,3
Magelona johnstoni,0,3,0,0,0,0,0,0,3,0,0,0,0,0,1,2,2,0,0,2,2,0,0,0,0,0,3,0,0,0,3,0,0,0,0,0,0,3,0,0,0,0,2,2,2,0,0,0,3,0,3,0,0,0,0,0,3,0,0,3,0,0,3,0,0,0,2,2,0,0,3,0,0,0,0,3
Magelona mirabilis,0,3,0,0,0,0,0,0,3,0,0,0,0,0,0,0,2,2,0,2,2,0,0,0,0,0,3,0,0,0,3,0,0,0,0,0,0,3,0,0,0,0,2,2,2,0,0,0,3,0,3,0,0,0,0,0,3,0,0,3,0,0,3,0,0,0,2,2,0,0,3,0,0,0,0,3
Malacoceros fuliginosus,0,0,2,2,0,0,0,3,0,0,0,0,0,0,0,0,0,3,0,3,0,0,0,0,0,3,0,0,0,1,2,0,0,0,3,0,0,0,0,0,0,0,3,0,0,0,0,0,3,0,3,0,0,0,0,0,3,0,0,3,0,0,3,0,0,0,2,2,0,0,3,0,0,0,0,3
Malacoceros sp.,0,0,2,2,0,0,0,3,0,0,0,0,0,0,0,2,2,2,0,3,0,0,0,0,0,3,0,0,0,1,2,0,0,0,3,0,0,0,0,0,0,0,3,0,0,0,0,0,3,0,3,0,0,0,0,0,3,0,0,3,0,0,3,0,0,0,2,2,0,0,3,0,0,0,0,3
Malacoceros tetracerus,0,0,2,2,0,0,0,3,0,0,0,0,0,0,0,3,0,0,0,3,0,0,0,0,0,3,0,0,0,1,2,0,0,0,3,0,0,0,0,0,0,0,3,0,0,0,0,0,3,0,3,0,0,0,0,0,3,0,0,3,0,0,3,0,0,0,2,2,0,0,3,0,0,0,0,3
Malmgrenia andreapolis,0,0,0,0,3,0,0,0,0,0,0,0,0,0,2,2,0,0,0,0,0,0,0,3,0,2,2,0,0,0,3,0,0,0,0,3,0,0,0,0,0,0,0,0,3,0,0,3,2,0,2,2,0,0,0,0,3,0,0,3,0,0,3,0,0,0,0,0,0,2,2,0,0,0,0,3
Malmgrenia darbouxi,0,0,0,0,3,0,0,0,0,0,0,0,0,3,0,0,0,0,0,0,0,0,0,3,0,2,2,0,0,0,3,0,0,0,0,3,0,0,0,0,0,0,0,0,3,0,0,3,2,0,2,2,2,2,0,0,3,0,0,3,0,0,3,0,0,0,0,0,0,2,2,0,0,0,0,3
Malmgrenia ljungmani,0,0,0,0,3,0,0,0,0,0,0,0,0,0,3,0,0,0,0,0,0,0,0,3,0,2,2,0,0,0,3,0,0,0,0,3,0,0,0,0,0,0,0,0,3,0,0,3,2,0,2,2,0,0,0,0,3,0,0,3,0,0,3,0,0,0,0,0,0,2,2,0,0,0,0,3
Malmgrenia lunulata,0,0,0,0,3,0,0,0,1,2,0,0,0,0,2,2,0,0,0,0,0,0,0,3,0,2,2,0,0,0,3,0,0,0,0,3,0,0,0,0,0,0,0,0,3,0,0,3,2,0,0,2,2,0,0,0,3,0,0,3,0,0,3,0,0,0,0,0,0,3,0,0,0,0,0,3
Malmgrenia sp.,0,0,0,0,3,0,0,0,0,0,0,0,0,1,2,2,0,0,0,0,0,0,0,3,0,2,2,0,0,0,3,0,0,0,0,3,0,0,0,0,0,0,0,0,3,0,0,3,2,0,2,2,2,2,0,0,3,0,0,3,0,0,3,0,0,0,0,0,0,2,2,0,0,0,0,3
Marenzelleria viridis,0,0,2,2,0,0,0,0,0,0,0,3,0,0,0,0,1,2,0,2,2,0,1,0,0,3,0,0,0,0,3,0,0,0,0,3,0,0,0,0,0,0,2,1,0,0,0,1,2,0,3,0,0,0,0,0,3,0,0,2,2,0,3,0,0,0,2,0,2,0,3,0,0,0,0,3
Marinogammarus marinus,0,0,0,0,3,0,2,1,0,0,0,0,0,0,0,3,0,0,0,0,0,0,2,2,2,1,0,0,0,3,0,0,0,0,3,0,0,0,2,1,0,0,0,0,0,0,2,2,0,0,0,2,0,2,0,0,0,3,0,0,0,3,0,0,3,0,2,1,0,0,0,0,3,3,0,0
Marinogammarus obtusatus,3,0,0,0,0,0,3,0,0,0,0,0,0,0,3,0,0,0,0,0,0,2,2,2,2,1,0,0,0,3,0,0,0,0,3,0,0,0,3,0,0,0,0,0,0,0,2,2,0,0,0,2,2,2,0,0,0,3,0,0,0,3,0,0,3,0,2,2,0,0,0,0,3,3,0,0
Mediomastus fragilis,0,0,3,0,0,0,0,1,2,0,0,0,0,0,0,0,0,3,0,3,0,0,0,0,0,3,0,0,0,3,0,0,0,0,0,3,0,0,0,2,2,0,0,0,0,0,0,0,3,0,3,0,0,0,0,0,0,0,3,3,0,0,3,0,0,0,3,0,0,0,3,0,0,0,0,3
Melita palmata,0,3,0,0,0,0,3,0,0,0,0,0,2,1,1,0,0,0,0,0,0,0,3,0,3,0,0,0,0,3,0,0,0,0,3,0,0,0,3,0,0,0,0,0,0,0,0,3,0,0,0,3,0,0,0,0,0,3,0,0,0,3,0,0,3,1,2,2,2,0,0,0,3,3,0,0
Mesopodopsis slabberi,3,0,0,0,0,0,3,0,0,0,0,0,0,0,3,0,0,0,0,0,3,0,0,0,3,0,0,0,0,3,0,0,0,0,3,0,0,0,3,0,0,0,0,0,0,0,3,0,0,0,0,3,0,0,0,0,0,3,0,0,0,3,0,0,3,1,2,1,2,0,0,0,3,3,0,0
Metridium dianthus,3,0,0,0,0,0,3,0,0,0,0,0,0,0,0,0,0,0,3,0,0,0,0,3,0,0,0,0,3,0,0,0,0,0,0,0,0,0,0,0,0,0,0,0,0,3,0,0,0,0,0,0,0,0,3,2,2,0,0,0,3,0,3,0,0,0,0,2,2,3,0,0,0,0,0,3
Metridium senile,3,0,0,0,0,0,3,0,0,0,0,0,0,0,0,0,0,0,3,0,0,0,0,3,0,0,0,0,3,0,0,0,0,0,0,0,0,0,0,0,0,0,0,0,0,3,0,0,0,0,0,0,0,0,3,2,2,0,0,0,3,0,3,0,0,0,0,2,2,3,0,0,0,0,0,3
Microphthalmus sczelkowii,0,3,0,0,0,0,0,0,0,0,0,0,0,3,0,0,0,0,0,3,0,0,0,0,0,0,0,0,0,0,0,0,0,0,0,0,0,0,0,0,0,0,0,0,0,0,0,3,0,0,2,2,1,0,0,0,0,0,3,0,0,3,3,0,0,0,0,0,0,0,3,0,0,0,0,3
Microphthalmus similis,0,3,0,0,0,0,0,0,0,0,0,0,0,3,0,0,0,0,0,3,0,0,0,0,0,0,0,0,0,0,0,0,0,0,0,0,0,0,0,0,0,0,0,0,0,0,0,3,0,0,2,2,1,0,0,0,0,0,3,2,0,2,3,0,0,0,0,0,0,0,3,0,0,0,0,3
Microphthalmus sp.,0,3,0,0,0,0,0,0,0,0,0,0,0,3,0,0,0,0,0,3,0,0,0,0,0,0,0,0,0,0,0,0,0,0,0,0,0,0,0,0,0,0,0,0,0,0,0,3,0,0,2,2,1,0,0,0,0,0,3,2,0,2,3,0,0,0,0,0,0,0,3,0,0,0,0,3
Microprotopus maculatus,0,3,0,0,0,0,3,0,0,0,0,0,3,0,0,0,0,0,0,0,0,0,0,0,0,0,0,0,0,0,0,0,0,0,0,0,0,0,0,0,0,0,0,0,0,0,2,2,0,0,0,2,0,2,0,0,0,3,0,0,0,3,0,0,3,0,0,0,0,0,0,0,0,3,0,0
Moerella donacina,0,3,0,0,0,0,0,0,2,2,0,0,0,0,0,3,0,0,0,3,0,0,0,0,0,0,0,3,0,0,3,0,0,0,0,3,0,0,0,0,0,0,0,0,3,0,0,0,3,0,3,0,0,0,0,0,3,0,0,3,0,0,0,3,0,0,0,0,0,3,0,0,0,0,0,3
Molgula socialis,3,0,0,0,0,0,3,0,0,0,0,0,0,0,2,2,0,0,0,0,3,0,0,0,3,0,0,0,0,3,0,0,0,0,3,0,0,0,3,0,0,0,0,0,0,3,0,0,0,0,0,0,0,0,3,0,0,3,0,0,3,0,3,0,0,0,2,2,0,0,3,0,0,0,3,0
Monocorophium acherusicum,0,3,0,0,0,0,1,2,0,0,0,0,3,0,0,0,0,0,0,2,1,0,0,0,3,0,0,0,0,3,0,0,0,0,3,0,0,0,3,0,0,0,0,0,0,0,1,1,2,2,0,0,0,2,0,0,0,3,0,0,0,3,0,0,3,1,2,2,1,0,0,3,0,3,0,0
Monocorophium insidiosum,0,3,0,0,0,0,1,2,0,0,0,0,3,0,0,0,0,0,0,2,1,0,0,0,3,0,0,0,0,3,0,0,0,0,3,0,0,0,3,0,0,0,0,0,0,0,1,1,2,2,0,0,0,2,0,0,0,3,0,0,0,3,0,0,3,1,2,2,1,0,0,3,0,3,0,0
Mulinia lateralis,0,3,0,0,0,0,0,3,0,0,0,0,0,0,3,0,0,0,0,0,3,0,0,0,0,3,0,0,0,3,0,0,0,0,3,0,0,0,0,0,0,0,0,0,3,0,0,0,3,0,3,0,0,0,0,0,3,0,0,3,0,0,0,3,0,0,2,2,0,3,0,0,0,0,0,3
Mya arenaria,0,3,0,0,0,0,0,0,0,0,3,0,0,0,0,0,2,2,0,0,3,0,0,0,0,0,0,0,3,0,0,3,0,0,1,2,0,0,0,0,0,0,0,0,3,0,0,0,3,0,3,0,0,0,0,0,3,0,0,3,0,0,0,3,0,0,2,1,1,3,0,0,0,0,0,3
Myrianida prolifera,0,3,0,0,0,0,3,0,0,0,0,0,0,0,3,0,0,0,0,0,0,0,0,3,2,1,0,0,0,3,0,0,0,0,0,0,0,0,0,0,3,0,0,0,0,0,0,0,3,2,0,0,0,2,0,0,0,3,0,0,3,0,3,0,0,0,2,2,0,0,3,0,0,0,3,0
Myrianida sp.,0,3,0,0,0,0,3,0,0,0,0,0,0,0,2,2,0,0,0,0,0,0,0,3,2,1,0,0,0,3,0,0,0,0,0,0,0,0,0,0,3,0,0,0,0,0,0,0,3,2,0,0,0,2,0,0,0,3,0,0,3,0,3,0,0,0,2,2,0,0,3,0,0,0,3,0
Mysida,2,1,0,0,0,0,2,1,0,0,0,0,0,0,2,2,0,0,0,2,2,2,2,2,2,1,0,0,0,3,0,0,0,0,3,0,0,0,2,1,0,0,0,0,0,0,2,1,1,0,1,2,0,0,0,0,0,3,0,0,0,3,0,0,3,1,2,2,2,0,0,1,2,3,0,0
Mysta picta,0,0,0,0,3,0,0,2,2,0,0,0,0,0,0,1,2,0,0,0,0,2,0,2,0,3,0,0,0,3,0,0,0,0,0,3,0,0,0,0,0,2,2,0,0,0,1,0,2,0,2,1,0,0,0,0,3,0,0,3,0,0,3,0,0,0,2,2,0,0,3,0,0,0,0,3
Mytilidae,3,0,0,0,0,0,3,0,0,0,0,0,0,0,0,1,2,1,0,0,3,0,0,0,0,1,2,2,2,0,3,0,0,0,3,0,0,0,0,0,0,0,0,0,3,3,0,0,0,0,0,0,0,0,3,0,3,0,0,3,0,0,0,3,0,0,2,2,1,3,0,0,0,0,0,3
Mytilus edulis,3,0,0,0,0,0,3,0,0,0,0,0,0,0,0,1,2,1,0,0,3,0,0,0,0,1,2,2,2,0,3,0,0,0,3,0,0,0,0,0,0,0,0,0,3,3,0,0,0,0,0,0,0,0,3,0,3,0,0,3,0,0,0,3,0,0,2,2,1,3,0,0,0,0,0,3
Nematoda,0,0,0,0,3,0,0,0,0,0,0,0,3,0,0,0,0,0,0,2,0,0,0,2,3,0,0,0,0,3,0,0,0,0,3,0,0,0,2,1,0,0,0,0,0,0,2,2,2,0,2,2,0,2,0,2,0,0,2,0,0,3,3,0,0,2,2,2,2,3,0,0,0,2,0,2
Nemertea,0,0,0,0,3,0,0,0,0,0,0,0,2,2,2,2,2,2,2,0,0,0,0,3,2,2,0,0,0,3,0,0,0,0,3,0,0,0,3,0,0,0,0,0,0,0,2,2,2,0,2,2,2,2,0,2,2,0,2,2,2,2,3,0,0,0,0,0,0,0,0,0,0,0,0,3
Neoamphitrite figulus,0,0,0,3,0,0,0,3,0,0,0,0,0,0,0,0,0,0,3,2,2,0,0,0,0,1,2,0,0,0,3,0,0,0,0,3,0,0,0,0,0,0,0,0,3,0,0,0,3,3,0,0,0,0,0,0,3,0,0,0,3,0,3,0,0,0,2,2,0,0,3,0,0,0,0,3
Neomysis integer,3,0,0,0,0,0,3,0,0,0,0,0,0,0,3,0,0,0,0,0,2,0,0,2,3,0,0,0,0,3,0,0,0,0,3,0,0,0,2,1,0,0,0,0,0,0,3,0,0,0,0,3,0,0,0,0,0,3,0,0,0,3,0,0,3,0,2,2,0,0,0,0,3,3,0,0
Nephtys,0,0,0,0,3,0,0,1,2,1,0,0,0,0,0,0,1,2,2,0,0,2,0,2,0,0,2,2,0,0,3,0,0,0,0,3,0,0,0,0,0,2,2,1,0,0,2,0,2,0,2,1,0,0,0,0,3,0,0,2,2,0,3,0,0,1,2,2,1,0,3,0,0,0,0,3
Nephtys caeca,0,0,0,0,3,0,0,1,2,1,0,0,0,0,0,0,0,1,2,0,0,2,0,2,0,0,0,3,0,0,3,0,0,0,0,3,0,0,0,0,0,0,3,0,0,0,2,0,2,0,2,1,0,0,0,0,3,0,0,3,0,0,3,0,0,0,1,2,2,0,3,0,0,0,0,3
Nephtys cirrosa,0,0,0,0,3,0,0,1,2,1,0,0,0,0,0,0,1,2,0,0,0,2,0,2,0,0,2,2,0,0,3,0,0,0,0,3,0,0,0,0,0,0,2,2,0,0,2,0,2,0,2,1,0,0,0,0,3,0,0,2,2,0,3,0,0,0,0,0,3,0,3,0,0,0,0,3
Nephtys hombergii,0,0,0,0,3,0,0,1,2,1,0,0,0,0,0,0,1,2,2,0,0,2,0,2,0,0,3,0,0,0,3,0,0,0,0,3,0,0,0,0,0,0,3,0,0,0,2,0,2,0,2,1,0,0,0,0,3,0,0,2,2,0,3,0,0,0,1,2,0,0,3,0,0,0,0,3
Nephtys longosetosa,0,0,0,0,3,0,0,1,2,1,0,0,0,0,0,0,2,2,0,0,0,2,0,2,0,0,2,2,0,0,3,0,0,0,0,3,0,0,0,0,0,2,2,1,0,0,2,0,2,0,2,1,0,0,0,0,3,0,0,3,0,0,3,0,0,2,1,0,0,0,3,0,0,0,0,3
Nereididae,0,0,0,0,3,0,2,2,2,2,2,2,0,0,0,0,2,2,2,2,2,2,2,2,1,2,0,0,0,2,2,0,0,0,0,0,0,3,0,0,2,2,2,2,0,0,2,2,2,1,2,2,0,0,0,0,3,0,0,2,2,2,3,0,0,2,2,2,2,0,3,0,0,0,0,3
Notomastus latericeus,0,0,3,0,0,0,0,0,0,2,2,0,0,0,0,0,0,1,2,3,0,0,0,0,2,1,0,0,0,3,0,0,0,0,0,0,0,3,0,3,0,0,0,0,0,0,0,0,3,0,2,1,0,0,0,0,3,0,0,0,3,0,3,0,0,2,2,0,0,0,3,0,0,0,0,3
Nototropis falcatus,0,3,0,0,0,0,2,1,0,0,0,0,0,3,0,0,0,0,0,2,0,0,2,0,0,3,0,0,0,3,0,0,0,0,3,0,0,0,3,0,0,0,0,0,0,0,2,0,1,0,0,3,0,0,0,0,0,3,0,0,0,3,0,0,3,0,0,3,0,0,0,0,3,3,0,0
Obelia bidentata,3,0,0,0,0,0,3,0,0,0,0,0,0,0,0,0,0,3,0,0,0,0,0,3,0,0,0,0,3,3,0,0,0,0,3,0,0,0,0,0,0,0,3,0,0,3,0,0,0,0,0,0,0,0,3,2,2,0,0,0,3,0,0,0,3,0,0,3,0,0,3,0,0,0,0,3
Obelia dichotoma,3,0,0,0,0,0,3,0,0,0,0,0,0,0,0,0,2,2,2,0,0,0,0,3,0,0,0,0,3,3,0,0,0,0,3,0,0,0,0,0,0,0,3,0,0,3,0,0,0,0,0,0,0,0,3,2,2,0,0,0,3,0,0,0,3,0,0,3,0,0,3,0,0,0,0,3
Obelia longissima,3,0,0,0,0,0,3,0,0,0,0,0,0,0,0,0,0,0,3,0,0,0,0,3,0,0,0,0,3,3,0,0,0,0,3,0,0,0,0,0,0,0,3,0,0,3,0,0,0,0,0,0,0,0,3,2,2,0,0,0,3,0,0,0,3,0,0,3,0,0,3,0,0,0,0,3
Oligochaeta,0,0,0,0,3,0,0,0,0,0,0,0,2,2,2,0,0,0,0,3,0,0,0,0,0,2,2,1,1,2,2,0,0,0,2,2,0,2,3,0,0,0,0,0,0,0,2,0,2,0,2,2,0,0,0,2,2,0,3,0,0,3,3,0,0,2,2,2,2,0,0,0,0,0,0,3
Ophelia borealis,0,0,0,0,3,0,0,2,1,0,0,0,0,0,0,3,0,0,0,3,0,0,0,0,0,0,0,3,0,0,3,0,0,0,0,3,0,0,0,0,2,2,0,0,0,0,1,0,2,0,3,0,0,0,0,0,3,0,0,0,3,0,3,0,0,0,0,2,1,0,3,0,0,0,0,3
Ophelia limacina,0,0,0,0,3,0,0,2,1,0,0,0,0,0,0,0,3,0,0,3,0,0,0,0,0,0,0,3,0,0,3,0,0,0,0,3,0,0,0,0,2,2,0,0,0,0,1,0,2,0,3,0,0,0,0,0,3,0,0,0,3,0,3,0,0,0,0,2,1,0,3,0,0,0,0,3
Ophelia rathkei,0,0,0,0,3,0,0,2,1,0,0,0,0,3,0,0,0,0,0,3,0,0,0,0,0,0,0,3,0,0,3,0,0,0,0,3,0,0,0,0,2,2,0,0,0,0,1,0,2,0,3,0,0,0,0,0,3,0,0,0,3,0,3,0,0,0,0,2,1,0,3,0,0,0,0,3
Ophelia sp.,0,0,0,0,3,0,0,2,1,0,0,0,0,2,2,2,2,0,0,3,0,0,0,0,0,0,0,3,0,0,3,0,0,0,0,3,0,0,0,0,2,2,0,0,0,0,1,0,2,0,3,0,0,0,0,0,3,0,0,0,3,0,3,0,0,0,0,2,1,0,3,0,0,0,0,3
Ophiura albida,0,3,0,0,0,0,2,1,0,0,0,0,0,0,3,0,0,0,0,2,0,2,0,2,0,0,0,3,0,0,3,0,0,0,0,3,0,0,0,0,0,3,0,0,0,0,0,3,0,0,0,3,0,0,0,0,3,0,0,3,0,0,0,3,0,0,2,2,0,0,3,0,0,0,0,3
Ophiura ophiura,0,3,0,0,0,0,2,1,0,0,0,0,0,0,0,3,0,0,0,2,0,2,0,2,0,0,0,3,0,0,3,0,0,0,0,3,0,0,0,0,0,3,0,0,0,0,0,3,0,0,0,3,0,0,0,0,3,0,0,3,0,0,0,3,0,0,2,2,0,0,3,0,0,0,0,3
Ophiuroidea,0,3,0,0,0,0,2,1,0,0,0,0,0,0,2,2,0,0,0,2,0,2,0,2,0,0,0,3,0,0,3,0,0,0,0,3,0,0,0,0,0,3,0,0,0,0,0,3,0,0,0,3,0,0,0,0,3,0,0,3,0,0,0,3,0,0,2,2,0,0,3,0,0,2,0,2
Owenia fusiformis,0,3,0,0,0,0,0,0,0,0,3,0,0,0,0,0,0,3,0,2,2,0,0,0,0,2,2,0,0,3,0,0,0,0,0,3,0,0,0,0,0,0,0,3,0,0,0,0,3,3,0,0,0,0,0,0,3,0,0,3,0,0,3,0,0,0,2,1,0,3,0,0,0,0,0,3
Paguroidea,3,0,0,0,0,0,3,0,0,0,0,0,0,0,0,3,0,0,0,2,2,2,0,2,0,0,0,3,0,3,0,0,0,0,3,0,0,0,3,0,0,0,0,0,0,0,0,3,0,0,0,3,0,0,0,0,0,3,0,3,0,0,1,2,0,2,2,0,0,0,0,0,3,0,3,0
Pagurus bernhardus,3,0,0,0,0,0,3,0,0,0,0,0,0,0,0,3,0,0,0,2,2,2,0,2,0,0,0,3,0,3,0,0,0,0,3,0,0,0,3,0,0,0,0,0,0,0,0,3,0,0,0,3,0,0,0,0,0,3,0,3,0,0,1,2,0,2,2,0,0,0,0,0,3,0,3,0
Palaemon elegans,3,0,0,0,0,0,3,0,0,0,0,0,0,0,0,2,1,0,0,0,2,2,2,2,0,3,0,0,0,3,0,0,0,0,0,3,0,0,0,0,3,0,0,0,0,0,2,2,0,0,0,3,0,0,0,0,0,3,0,3,0,0,0,0,3,0,2,2,1,0,2,2,0,0,3,0
Paraonis fulgens,0,3,0,0,0,0,0,2,1,1,0,0,0,0,0,3,0,0,0,3,0,0,0,0,3,0,0,0,0,3,0,0,0,0,0,3,0,0,0,3,0,0,0,0,0,0,0,0,3,0,3,0,0,0,0,0,3,0,0,0,3,0,3,0,0,0,3,0,0,0,3,0,0,0,0,3
Pariambus typicus,0,3,0,0,0,0,3,0,0,0,0,0,0,3,0,0,0,0,0,2,2,2,0,2,3,0,0,0,0,3,0,0,0,0,0,0,0,0,0,0,0,0,0,0,0,0,0,3,0,0,0,2,0,2,0,0,0,3,0,0,0,3,0,0,3,1,1,2,2,0,0,0,3,3,0,0
Peringia ulvae,0,2,0,0,0,0,2,1,0,0,0,0,2,1,0,0,0,0,0,2,0,0,2,0,0,3,0,0,0,2,1,0,0,0,2,2,0,1,2,1,0,0,0,0,0,0,1,2,0,0,0,3,0,0,0,0,0,3,0,0,3,0,2,2,0,1,2,2,2,0,3,0,0,0,0,3
Petricolaria pholadiformis,0,3,0,0,0,0,0,0,0,2,2,0,0,0,0,0,3,0,0,0,3,0,0,0,0,0,0,3,0,0,0,3,0,0,0,0,0,0,0,0,0,0,0,0,3,0,0,0,3,0,3,0,0,0,0,0,3,0,0,3,0,0,0,3,0,0,0,3,0,3,0,0,0,0,0,3
Pholoe baltica,0,3,0,0,0,0,2,1,0,0,0,0,0,2,1,0,0,0,0,0,0,0,0,3,0,0,3,0,0,0,0,3,0,0,3,0,0,0,0,0,0,0,0,3,0,0,0,3,0,0,2,2,0,0,0,0,3,0,0,0,3,0,3,0,0,0,3,0,0,2,1,0,0,0,0,3
Photis reinhardi,0,3,0,0,0,0,3,0,0,0,0,0,3,0,0,0,0,0,0,0,3,0,0,0,3,0,0,0,0,3,0,0,0,0,3,0,0,0,3,0,0,0,0,0,0,0,0,0,3,2,0,0,0,2,0,0,0,3,0,0,0,3,0,0,3,0,2,0,2,0,3,0,0,3,0,0
Phyllodoce maculata,0,0,0,0,3,0,0,0,3,0,0,0,0,0,0,0,0,3,0,0,0,2,0,1,0,3,0,0,0,0,3,0,0,0,0,3,0,0,0,0,0,0,3,0,0,0,1,2,2,0,2,2,0,0,0,0,0,0,3,3,0,0,3,0,0,1,2,0,0,0,3,0,0,0,0,3
Phyllodoce mucosa,0,0,0,0,3,0,2,2,2,0,0,0,0,0,0,0,0,3,0,0,0,2,0,1,0,3,0,0,0,0,3,0,0,0,0,3,0,0,0,0,0,0,3,0,0,0,1,2,2,0,2,2,0,0,0,0,0,0,3,3,0,0,3,0,0,1,2,0,0,0,3,0,0,0,0,3
Phyllodoce sp.,0,0,0,0,3,0,0,0,3,0,0,0,0,0,0,0,0,2,2,0,0,2,0,2,0,3,0,0,0,0,3,0,0,0,0,3,0,0,0,0,0,0,3,0,0,0,1,2,2,0,2,2,0,0,0,0,0,0,3,3,0,0,3,0,0,1,2,0,0,0,3,0,0,0,0,3
Pilumnus hirtellus,0,3,0,0,0,0,2,1,0,0,0,0,0,3,0,0,0,0,0,0,0,2,0,2,0,0,0,0,0,0,0,0,0,0,0,0,0,0,0,0,2,2,0,0,0,0,0,2,1,0,1,0,2,0,0,0,0,3,0,3,0,0,0,0,3,0,2,2,0,0,0,3,0,0,3,0
Platynereis dumerilii,0,0,0,0,3,0,2,2,1,0,0,0,0,0,0,3,0,0,0,0,0,0,3,0,3,0,0,0,0,3,0,0,0,0,0,0,0,3,0,0,0,3,0,0,0,0,2,0,2,2,0,1,0,2,0,0,3,0,0,3,0,0,3,0,0,0,0,3,0,0,3,0,0,0,0,3
Polydora ciliata,0,0,2,2,0,0,0,2,1,0,0,0,1,2,2,1,0,0,0,2,2,1,0,0,1,2,0,0,0,3,0,0,0,0,3,0,0,0,0,2,2,1,0,0,0,0,0,0,3,2,1,0,1,0,0,0,0,2,2,3,0,0,3,0,0,1,2,2,1,0,3,0,0,0,0,3
Polydora cornuta,0,0,2,2,0,0,0,2,1,0,0,0,1,2,2,1,0,0,0,2,2,0,0,0,1,2,0,0,0,3,0,0,0,0,3,0,0,0,0,3,0,0,0,0,0,0,0,0,3,3,0,0,0,0,0,0,0,2,2,3,0,0,3,0,0,1,2,2,1,0,3,0,0,0,0,3
Polydora sp.,0,0,2,2,0,0,0,2,1,0,0,0,1,2,2,1,0,0,0,2,2,1,0,0,2,2,0,0,0,3,0,0,0,0,3,0,0,0,0,2,2,1,0,0,0,2,0,0,2,2,2,0,1,0,0,0,0,2,2,2,1,1,3,0,0,1,2,2,1,0,3,0,0,0,0,3
Polynoidae,0,0,0,0,3,0,2,1,0,0,0,0,0,0,2,2,1,1,0,0,0,0,0,3,0,0,3,0,0,2,2,0,0,0,2,2,0,0,0,0,0,0,0,0,3,0,1,2,0,0,0,2,2,1,0,0,3,0,0,3,0,0,3,0,0,1,2,2,2,0,3,0,0,0,0,3
Pontocrates altamarinus,0,3,0,0,0,0,1,2,0,0,0,0,0,3,0,0,0,0,0,3,0,0,0,0,3,0,0,0,0,3,0,0,0,0,3,0,0,0,3,0,0,0,0,0,0,0,2,0,2,0,3,0,0,0,0,0,0,3,0,0,0,3,0,0,3,2,2,2,2,0,0,0,3,3,0,0
Praunus flexuosus,3,0,0,0,0,0,3,0,0,0,0,0,0,0,0,3,0,0,0,2,2,2,2,2,3,0,0,0,0,3,0,0,0,0,3,0,0,0,2,1,0,0,0,0,0,0,3,0,0,0,0,3,0,0,0,0,0,3,0,0,0,3,0,0,3,1,1,2,1,0,0,0,3,3,0,0
Praunus inermis,3,0,0,0,0,0,3,0,0,0,0,0,0,0,3,0,0,0,0,2,2,2,2,2,3,0,0,0,0,3,0,0,0,0,3,0,0,0,3,0,0,0,0,0,0,0,3,0,0,0,0,3,0,0,0,0,0,3,0,0,0,3,0,0,3,1,1,2,1,0,0,3,0,3,0,0
Pygospio elegans,0,0,2,2,0,0,1,2,0,0,0,0,0,0,3,0,0,0,0,3,0,0,0,0,2,1,0,0,0,2,1,0,0,0,3,0,0,0,0,3,0,0,0,0,0,0,0,0,3,3,0,0,0,0,0,1,0,2,0,3,0,0,3,0,0,2,2,0,0,0,3,0,0,0,3,0
Retusa obtusa,0,3,0,0,0,0,1,2,0,0,0,0,0,2,1,0,0,0,0,0,0,0,0,3,2,1,0,0,0,3,0,0,0,0,0,0,0,3,3,0,0,0,0,0,0,0,0,2,2,0,3,0,0,0,0,0,0,0,3,0,0,3,2,2,0,0,2,0,1,0,3,0,0,0,0,3
Ruditapes decussatus,0,3,0,0,0,0,0,0,0,3,0,0,0,0,0,0,3,0,0,0,3,0,0,0,0,0,0,3,0,0,3,0,0,0,3,0,0,0,0,0,0,0,0,0,3,0,0,0,3,0,3,0,0,0,0,0,3,0,0,3,0,0,0,3,0,1,2,1,2,0,3,0,0,0,0,3
Scolelepis,0,0,2,2,0,0,0,0,2,2,2,0,0,0,0,0,2,2,0,2,2,0,0,0,0,3,0,0,0,0,3,0,0,0,2,2,0,2,0,0,0,3,0,0,0,2,1,0,2,0,2,1,0,0,0,0,3,0,0,3,0,0,3,0,0,0,2,2,0,1,2,0,0,0,0,3
Scolelepis (Scolelepis) foliosa,0,0,2,2,0,0,0,0,2,2,2,0,0,0,0,0,0,3,0,3,0,0,0,0,0,3,0,0,0,0,3,0,0,0,0,0,0,0,0,0,0,3,0,0,0,2,1,0,2,0,3,0,0,0,0,0,3,0,0,3,0,0,3,0,0,0,0,0,0,0,3,0,0,0,0,3
Scolelepis (Scolelepis) squamata,0,0,2,2,0,0,0,0,2,2,2,1,0,0,0,0,2,2,0,2,2,0,0,0,0,3,0,0,0,0,3,0,0,0,0,0,0,3,0,0,0,3,0,0,0,2,1,0,2,0,2,1,0,0,0,0,3,0,0,3,0,0,3,0,0,0,2,2,0,0,3,0,0,0,0,3
Scolelepis bonnieri,0,0,2,2,0,0,0,0,2,2,2,0,0,0,0,0,3,0,0,2,2,0,0,0,0,3,0,0,0,0,3,0,0,0,0,0,0,0,0,0,0,3,0,0,0,2,1,0,2,0,2,1,0,0,0,0,3,0,0,3,0,0,3,0,0,0,0,0,0,0,3,0,0,0,0,3
Scoloplos armiger,0,0,0,0,3,0,0,0,0,3,0,0,0,0,0,0,1,2,0,3,0,0,0,0,0,3,0,0,0,0,2,2,0,0,0,3,0,0,0,1,2,1,0,0,0,0,0,1,2,0,2,2,0,0,0,0,3,0,0,0,3,0,3,0,0,0,3,0,0,0,3,0,0,0,0,3
Scrobicularia plana,0,3,0,0,0,0,0,1,2,1,1,0,0,0,0,1,2,0,0,2,2,0,0,0,0,0,2,1,0,0,0,3,0,0,1,2,0,0,0,0,0,0,0,0,0,0,0,0,3,0,3,0,0,0,0,0,3,0,0,3,0,0,0,3,0,2,1,2,1,3,0,0,0,0,0,3
Semibalanus balanoides,3,0,0,0,0,0,3,0,0,0,0,0,0,2,1,0,0,0,0,0,3,0,0,0,0,0,0,3,0,0,3,0,0,0,0,3,0,0,0,0,0,3,0,0,0,3,0,0,0,0,0,0,0,0,3,0,0,3,0,0,3,0,0,2,2,1,2,0,0,0,3,0,0,0,3,0
Serpulidae,3,0,0,0,0,0,3,0,0,0,0,0,2,2,2,2,2,2,0,0,3,0,0,0,0,3,0,0,0,3,0,0,0,0,3,0,0,0,0,0,0,0,1,2,1,3,0,0,0,3,0,0,0,0,0,0,2,2,0,2,2,2,3,0,0,0,2,2,0,0,0,0,0,0,2,2
Sessilia,3,0,0,0,0,0,3,0,0,0,0,0,1,2,2,1,0,0,0,0,3,0,0,0,0,2,2,1,0,2,1,0,0,0,3,0,0,0,0,0,1,2,1,0,0,3,0,0,0,0,0,0,0,0,3,0,0,3,0,2,1,0,0,2,2,2,2,2,2,0,3,0,0,0,3,0
Spio martinensis,0,0,2,2,0,0,0,2,1,0,0,0,0,3,0,0,0,0,0,3,0,0,0,0,3,0,0,0,0,3,0,0,0,0,3,0,0,0,0,1,2,0,0,0,0,0,0,0,3,3,0,0,0,0,0,0,0,2,2,2,0,2,3,0,0,0,2,2,0,2,1,0,0,0,2,2
Spio sp.,0,0,2,2,0,0,0,2,1,0,0,0,0,3,0,0,0,0,0,3,0,0,0,0,3,0,0,0,0,3,0,0,0,0,3,0,0,0,0,1,2,0,0,0,0,0,0,0,3,2,2,0,0,0,0,0,0,2,2,2,0,2,3,0,0,0,2,2,0,2,1,0,0,0,2,2
Spionidae,0,0,2,2,1,0,1,2,2,2,1,1,1,2,2,2,2,2,0,2,2,0,0,0,2,2,0,0,0,2,2,1,0,0,2,1,0,2,2,2,2,2,1,0,0,1,1,1,2,2,2,1,1,0,0,1,2,2,1,2,1,1,3,0,0,1,2,2,1,1,2,1,1,0,2,2
Spiophanes bombyx,0,0,2,2,0,0,0,0,0,3,0,0,0,0,0,0,3,0,0,2,2,0,0,0,0,3,0,0,0,3,0,0,0,0,3,0,0,0,0,0,0,3,0,0,0,0,0,0,3,3,0,0,0,0,0,0,3,0,0,3,0,0,3,0,0,1,2,2,2,0,3,0,0,0,0,3
Spisula subtruncata,0,3,0,0,0,0,0,2,1,0,0,0,0,0,1,2,0,0,0,0,3,0,0,0,0,2,1,0,0,0,3,0,0,0,0,3,0,0,0,0,0,0,0,0,3,0,0,0,3,0,3,0,0,0,0,0,3,0,0,3,0,0,0,3,0,0,0,3,0,3,0,0,0,0,0,3
Sthenelais boa,0,0,0,0,3,0,0,0,0,0,0,0,0,0,0,0,0,0,3,0,0,0,0,3,0,3,0,0,0,0,0,3,0,0,0,0,0,0,0,0,3,0,0,0,0,0,0,0,0,0,0,0,0,0,0,0,3,0,0,3,0,0,3,0,0,0,0,0,0,0,3,0,0,0,0,3
Streblospio benedicti,0,0,2,2,0,0,0,3,0,0,0,0,0,0,3,0,0,0,0,2,2,0,0,0,3,0,0,0,0,3,0,0,0,0,3,0,0,0,2,2,0,0,0,0,0,0,0,0,3,2,2,0,0,0,0,0,2,2,0,2,2,0,3,0,0,0,0,3,0,0,2,2,0,0,2,2
Streblospio shrubsolii,0,0,2,2,0,0,0,3,0,0,0,0,0,0,3,0,0,0,0,2,2,0,0,0,3,0,0,0,0,3,0,0,0,0,3,0,0,0,3,0,0,0,0,0,0,0,0,0,3,2,2,0,0,0,0,0,0,3,0,0,0,3,3,0,0,1,2,2,2,0,0,3,0,0,3,0
Streblospio sp.,0,0,2,2,0,0,0,3,0,0,0,0,0,0,3,0,0,0,0,2,2,0,0,0,3,0,0,0,0,3,0,0,0,0,3,0,0,0,2,2,0,0,0,0,0,0,0,0,3,2,2,0,0,0,0,0,2,2,0,2,2,2,3,0,0,1,2,2,2,0,2,2,0,0,2,2
Streptosyllis websteri,0,3,0,0,0,0,0,2,2,0,0,0,0,3,0,0,0,0,0,2,0,0,0,2,0,3,0,0,0,0,3,0,0,0,3,0,0,0,0,0,0,3,0,0,0,0,0,0,3,0,3,0,0,0,0,0,3,0,0,0,0,3,3,0,0,0,2,2,0,3,0,0,0,0,0,3
Tellimya ferruginosa,0,3,0,0,0,0,0,0,0,3,0,0,0,3,0,0,0,0,0,0,3,0,0,0,0,3,0,0,0,3,0,0,0,0,3,0,0,0,0,0,0,3,0,0,0,0,0,2,2,0,0,0,0,3,0,0,0,3,0,3,0,0,0,3,0,0,2,2,2,0,3,0,0,0,3,0
Tellinoidea,0,3,0,0,0,0,0,2,2,2,0,0,0,1,2,2,0,0,0,2,2,0,0,0,0,0,2,2,0,0,2,1,0,0,2,2,0,0,0,0,0,0,0,1,2,0,0,0,3,0,3,0,0,0,0,0,3,0,0,3,0,0,0,3,0,0,2,2,1,2,1,0,0,0,0,3
Terebellidae spec.,0,0,0,3,0,0,2,2,2,2,0,0,0,0,2,2,2,2,2,2,1,0,0,0,0,2,1,0,0,0,3,0,0,0,2,0,0,2,1,2,2,2,2,2,1,2,1,1,2,2,0,1,0,0,2,0,2,2,1,0,2,2,3,0,0,1,1,2,1,0,2,1,0,0,2,2
Tetrastemma melanocephalum,3,0,0,0,0,0,2,2,0,0,0,0,0,0,0,2,2,0,0,0,0,0,0,3,3,0,0,0,0,3,0,0,0,0,0,0,0,3,3,0,0,0,0,0,0,0,1,2,0,0,0,2,2,2,0,0,3,0,0,3,0,0,3,0,0,0,0,3,0,0,3,0,0,0,0,3
Tharyx killariensis,0,3,0,0,0,0,0,2,2,0,0,0,0,0,0,2,2,0,0,3,0,0,0,0,0,3,0,0,0,0,3,0,0,0,0,3,0,0,0,0,0,2,2,0,0,0,1,0,2,0,2,0,0,0,0,0,0,3,0,0,0,3,3,0,0,0,2,1,0,0,3,0,0,0,0,3
Travisia forbesii,0,0,0,0,3,0,0,2,2,0,0,0,0,0,0,2,2,0,0,3,0,0,0,0,0,3,0,0,0,3,0,0,0,0,0,0,0,0,0,0,0,2,2,0,0,0,0,0,3,0,3,0,0,0,0,0,0,0,3,0,0,3,3,0,0,3,0,0,0,0,3,0,0,0,0,3
Urothoe,0,3,0,0,0,0,0,2,2,2,2,1,2,2,0,0,0,0,0,3,0,0,0,0,2,2,0,0,0,3,0,0,0,0,3,0,0,0,3,0,0,0,0,0,0,0,2,2,2,0,2,2,0,0,0,0,0,3,0,0,0,3,0,0,3,0,2,2,2,0,0,0,3,3,0,0
Urothoe brevicornis,0,3,0,0,0,0,0,0,2,2,0,0,3,0,0,0,0,0,0,3,0,0,0,0,2,2,0,0,0,3,0,0,0,0,3,0,0,0,3,0,0,0,0,0,0,0,2,0,2,0,2,2,0,0,0,0,0,3,0,0,0,3,0,0,3,0,2,2,2,0,0,0,3,3,0,0
Urothoe poseidonis,0,3,0,0,0,0,0,2,2,2,2,1,2,2,0,0,0,0,0,3,0,0,0,0,0,3,0,0,0,3,0,0,0,0,3,0,0,0,3,0,0,0,0,0,0,0,1,2,2,0,2,2,0,0,0,0,0,3,0,0,0,3,0,0,3,0,0,3,0,0,0,0,3,3,0,0
Urticina felina,3,0,0,0,0,0,3,0,0,0,0,0,0,0,0,0,0,0,3,0,0,0,0,3,0,0,0,0,3,0,3,0,0,0,0,3,0,0,0,0,0,0,0,0,0,3,0,0,0,0,0,0,1,0,2,0,3,0,0,0,3,0,3,0,0,0,2,2,0,0,0,3,0,0,0,3
Veneridae,0,3,0,0,0,0,0,0,2,2,2,0,0,0,0,0,3,0,0,0,3,0,0,0,0,0,0,3,0,1,2,1,0,0,3,0,0,0,0,0,0,0,0,0,3,0,0,0,3,0,2,0,1,0,0,0,3,0,0,3,0,0,0,3,0,1,2,2,2,1,2,0,0,0,0,3
Venerupis corrugata,0,3,0,0,0,0,0,0,3,0,0,0,0,0,0,0,3,0,0,0,3,0,0,0,0,0,0,3,0,2,2,0,0,0,3,0,0,0,0,0,0,0,0,0,3,0,0,0,3,0,2,0,1,0,0,0,3,0,0,3,0,0,0,3,0,1,2,2,1,0,3,0,0,0,0,3
