,"Biodiffusor","Bioirrigator","No_bioturbation","Surface_modifier","Large","Medium","Small","None","Permanent","Deposit_feeder","Filter_suspension","Grazer_scraper","Omnivore","Predator","Scavenger_opportunist","Sub.surface_deposit_feeder","Mobile","Sessile_attached","Hard","Hard_exoskeleton","Hard_shell","Irregular","Round","Fragile_Soft","Vermiform","Burrower","Crawler","None.1","Swimmer","Attached_sessile","Burrower.1","Free.living_Surface_crawler","Tube_dwelling","Attached","Bentho.pelagic","Deeper_than_3cm","Surface_shallow_Less_3cm","Pelagic.planktotrophic","Pelagic_lecthrotophic","Benthic","Brooder_Direct_developer","No_larvae","Les_1year","X1.3_years","X3.10_years","Sexual_pelagic_shed_eggs","Sexual_benthic_shed_eggs","Sexual_encapsulation_.gelatinous.mass.","Sexual_ovigerous_broad_eggs","Asexual","Sexual_direct_development","Annual","Continuos","Seasonal"
"Acanthochitona sp.",0,0,0,4,0,4,0,4,0,0,0,4,0,0,0,0,4,0,0,0,2,2,0,0,0,0,4,0,0,0,0,4,0,0,0,0,4,0,4,0,0,0,0,4,0,4,0,0,0,0,0,4,0,0
"Acanthochitona sueurii",0,0,0,4,0,4,0,4,0,0,0,4,0,0,0,0,4,0,0,0,2,2,0,0,0,0,4,0,0,0,0,4,0,0,0,0,4,0,4,0,0,0,0,4,0,4,0,0,0,0,0,4,0,0
"Acrosterigma cygnorum",0,2,0,2,4,0,0,4,0,0,4,0,0,0,0,0,4,0,0,0,2,2,0,0,0,4,0,0,0,0,2,2,0,0,2,0,2,4,0,0,0,0,0,0,4,4,0,0,0,0,0,4,0,0
"Aglaophamus australiensis",0,4,0,0,4,0,0,4,0,0,0,0,0,3,0,1,4,0,0,0,0,0,0,2,2,2,1,0,1,0,4,0,0,0,0,4,0,4,0,0,0,0,0,0,4,4,0,0,0,0,0,4,0,0
"Amaryllididae",0,0,0,4,0,3,1,4,0,0,1,0,0,1,1,1,4,0,0,0,0,2,0,2,0,0,4,0,0,0,2,2,0,0,2,0,2,0,0,0,4,0,2,2,0,0,0,0,4,0,0,4,0,0
"Amblypneustes ovum",0,0,0,4,2,2,0,4,0,0,0,4,0,0,0,0,4,0,0,0,2,2,0,0,0,0,4,0,0,0,0,4,0,0,4,0,0,4,0,0,0,0,0,2,2,4,0,0,0,0,0,0,0,4
"Amblypneustes pallidus",0,0,0,4,2,2,0,4,0,0,0,4,0,0,0,0,4,0,0,0,2,2,0,0,0,0,4,0,0,0,0,4,0,0,4,0,0,4,0,0,0,0,0,2,2,4,0,0,0,0,0,0,0,4
"Ampeliscidae",0,0,0,4,0,3,1,4,0,0,1,0,0,1,1,1,4,0,0,0,0,2,0,2,0,0,4,0,0,0,2,2,0,0,2,0,2,0,0,0,4,0,2,2,0,0,0,0,4,0,0,4,0,0
"Ampharetidae",0,4,0,0,2,2,0,4,0,2,2,0,0,0,0,0,4,0,0,0,0,0,0,2,2,0,4,0,0,0,0,0,4,0,0,4,0,2,2,0,0,0,2,2,0,0,2,0,2,0,0,4,0,0
"Amphibalanus amphitrite",0,0,0,4,4,0,0,0,4,0,4,0,0,0,0,0,0,4,0,2,0,2,0,0,0,0,0,4,0,4,0,0,0,4,0,0,0,4,0,0,0,0,0,4,0,0,0,0,4,0,0,0,4,0
"Amphinomidae",0,4,0,0,1,3,0,4,0,0,0,0,0,4,0,0,4,0,0,0,0,0,0,2,2,0,4,0,0,0,0,4,0,0,2,0,2,0,0,0,4,0,0,4,0,0,0,0,4,0,0,4,0,0
"Amphipholis squamata",0,4,0,0,0,0,4,4,0,0,0,2,0,2,0,0,4,0,0,0,0,2,0,2,0,0,4,0,0,0,0,4,0,0,4,0,0,0,0,0,4,0,0,0,4,0,0,0,4,0,0,0,0,4
"Amphipoda",0,0,0,4,0,2,2,4,0,0,1,0,0,0,2,1,4,0,0,0,0,2,0,2,0,1,0,0,3,0,2,2,0,0,2,0,2,0,0,0,0,4,2,2,0,0,0,0,4,0,0,4,0,0
"Amphoroidella elliptica",0,4,0,0,2,2,0,4,0,1,1,1,0,0,1,0,4,0,0,2,0,2,0,0,0,0,4,0,0,0,2,2,0,0,0,2,2,0,0,0,4,0,4,0,0,0,0,0,4,0,0,0,4,0
"Ampithoidae",0,0,0,4,0,3,1,4,0,0,1,0,0,1,1,1,4,0,0,0,0,2,0,2,0,0,4,0,0,0,2,2,0,0,2,0,2,0,0,0,4,0,2,2,0,0,0,0,4,0,0,0,4,0
"Anapella cycladea",0,2,0,2,1,3,0,4,0,2,2,0,0,0,0,0,4,0,0,0,2,2,0,0,0,4,0,0,0,0,4,0,0,0,0,4,0,4,0,0,0,0,0,0,4,0,4,0,0,0,0,4,0,0
"Antarcturidae",0,0,0,4,0,4,0,4,0,2,2,0,0,0,0,0,4,0,0,0,0,2,0,2,0,0,4,0,0,0,0,4,0,0,2,0,2,0,0,0,4,0,2,2,0,0,0,0,4,0,0,0,4,0
"Antheluridae",0,2,0,2,0,4,0,4,0,0,0,0,0,4,0,0,4,0,0,0,0,2,0,2,0,0,4,0,0,0,1,2,1,0,0,0,4,0,0,0,4,0,2,2,0,0,0,0,4,0,0,0,4,0
"Anthopleura hermaphroditica",0,0,0,4,2,2,0,0,4,0,4,0,0,0,0,0,0,4,0,0,0,2,0,2,0,0,0,4,0,4,0,0,0,4,0,0,0,0,0,0,0,4,0,0,4,0,0,0,0,0,4,4,0,0
"Anthozoa",0,0,0,4,2,2,0,0,4,0,4,0,0,0,0,0,0,4,0,0,0,2,0,2,0,0,0,4,0,4,0,0,0,4,0,0,0,0,0,0,0,4,0,0,4,0,0,0,0,0,4,4,0,0
"Anthuridae",0,0,4,0,0,4,0,4,0,0,0,0,0,1,3,0,4,0,0,0,0,2,0,2,0,0,4,0,0,0,0,4,0,0,4,0,0,0,0,0,4,0,0,4,0,0,0,0,4,0,0,0,4,0
"Aoridae",0,0,0,4,0,3,1,4,0,0,3,1,0,0,0,0,4,0,0,0,0,2,0,2,0,0,4,0,0,0,2,2,0,0,2,0,2,0,0,0,4,0,2,2,0,0,0,0,4,0,0,0,4,0
"Aphroditidae",0,4,0,0,3,1,0,4,0,0,0,0,0,4,0,0,4,0,0,0,0,0,0,2,2,2,2,0,0,0,1,3,0,0,2,0,2,1,1,2,0,0,0,1,3,1,1,1,1,0,0,4,0,0
"Aplidium sp.",0,0,0,4,4,0,0,0,4,0,4,0,0,0,0,0,0,4,0,0,0,2,0,2,0,0,0,4,0,4,0,0,0,4,0,0,0,0,0,2,2,0,0,0,4,0,0,0,4,0,0,0,4,0
"Aplysia sp.",0,0,4,0,0,4,0,4,0,0,0,4,0,0,0,0,4,0,0,0,2,2,0,0,0,0,4,0,0,0,0,4,0,0,4,0,0,0,4,0,0,0,0,4,0,0,4,0,0,0,0,0,4,0
"Apseudidae",0,0,0,4,0,2,2,4,0,0,1,0,0,3,0,0,4,0,0,2,0,2,0,0,0,0,4,0,0,0,2,2,0,0,2,0,2,0,0,0,4,0,0,2,2,0,0,0,4,0,0,0,4,0
"Arenicolidae",0,4,0,0,4,0,0,4,0,3,1,0,0,0,0,0,4,0,0,0,0,0,0,0,4,4,0,0,0,0,4,0,0,0,0,4,0,0,2,0,1,1,0,2,2,0,0,1,1,0,2,4,0,0
"Aristiidae",0,0,0,4,0,2,2,4,0,0,1,0,0,1,1,1,4,0,0,0,0,2,0,2,0,0,4,0,0,0,2,2,0,0,2,0,2,0,0,0,4,0,2,2,0,0,0,0,4,0,0,4,0,0
"Arthritica semen",4,0,0,0,0,0,4,4,0,2,2,0,0,0,0,0,4,0,0,0,2,0,2,0,0,4,0,0,0,0,4,0,0,0,0,2,2,0,0,0,4,0,0,4,0,0,0,0,0,0,4,4,0,0
"Ascidia sp.",0,0,0,4,4,0,0,0,4,0,4,0,0,0,0,0,0,4,0,0,0,2,0,2,0,0,0,4,0,4,0,0,0,4,0,0,0,0,2,0,2,0,0,4,0,2,0,0,2,0,0,0,0,4
"Ascidiacea ",0,0,0,4,4,0,0,0,4,0,4,0,0,0,0,0,0,4,0,0,0,2,0,2,0,0,0,4,0,4,0,0,0,4,0,0,0,0,0,2,2,0,0,0,4,0,0,0,4,0,0,4,0,0
"Atactodea cuneata",0,2,0,2,4,0,0,4,0,2,2,0,0,0,0,0,4,0,0,0,2,2,0,0,0,4,0,0,0,0,4,0,0,0,0,4,0,4,0,0,0,0,0,0,4,0,4,0,0,0,0,4,0,0
"Australonereis ehlersi",0,4,0,0,4,0,0,4,0,0,0,0,0,2,0,2,4,0,0,0,0,0,0,2,2,4,0,0,0,0,4,0,0,0,0,4,0,2,0,2,0,0,0,4,0,0,0,0,4,0,0,4,0,0
"Australostichopus mollis",0,4,0,0,4,0,0,4,0,4,0,0,0,0,0,0,4,0,0,0,0,0,0,2,2,0,4,0,0,0,0,4,0,0,4,0,0,4,0,0,0,0,0,0,4,4,0,0,0,0,0,0,0,4
"Austrocochlea constricta",0,0,0,4,3,1,0,4,0,0,0,4,0,0,0,0,4,0,0,0,2,2,0,0,0,0,4,0,0,0,0,4,0,0,4,0,0,0,4,0,0,0,0,0,4,0,0,4,0,0,0,4,0,0
"Austrominius adelaidae",0,0,0,4,0,0,4,0,4,0,4,0,0,0,0,0,0,4,0,0,0,0,0,0,0,0,0,4,0,4,0,0,0,4,0,0,0,4,0,0,0,0,0,0,4,0,0,0,4,0,0,0,4,0
"Balanus sp.",0,0,0,4,4,0,0,0,4,0,4,0,0,0,0,0,0,4,0,2,0,2,0,0,0,0,0,4,0,4,0,0,0,0,4,0,0,2,2,0,0,0,0,2,2,0,0,0,4,0,0,4,0,0
"Bassina sp.",0,0,0,4,4,0,0,4,0,0,4,0,0,0,0,0,4,0,0,0,2,2,0,0,0,4,0,0,0,0,4,0,0,0,0,4,0,4,0,0,0,0,0,0,4,4,0,0,0,0,0,4,0,0
"Bedeva paivae",0,0,0,4,0,4,0,4,0,0,0,0,0,4,0,0,4,0,0,0,2,2,0,0,0,0,4,0,0,0,0,4,0,0,4,0,0,1,0,0,3,0,0,0,4,0,0,4,0,0,0,4,0,0
"Bedeva vinosa",0,0,4,0,1,3,0,4,0,0,0,0,0,4,0,0,4,0,0,0,2,2,0,0,0,0,4,0,0,0,0,4,0,0,4,0,0,4,0,0,0,0,0,4,0,0,2,2,0,0,0,4,0,0
"Bellidilia laevis",0,4,0,0,4,0,0,4,0,0,0,0,0,2,2,0,4,0,0,2,0,2,0,0,0,0,4,0,0,0,2,2,0,0,3,0,1,0,0,0,4,0,0,2,2,0,0,0,4,0,0,4,0,0
"Bellidilia undecimspinosa",0,4,0,0,4,0,0,4,0,0,0,0,0,2,2,0,4,0,0,2,0,2,0,0,0,0,4,0,0,0,1,3,0,0,3,0,1,0,0,0,4,0,0,2,2,0,0,0,4,0,0,4,0,0
"Bembicium nanum",0,0,0,4,3,1,0,4,0,0,0,4,0,0,0,0,4,0,0,0,2,2,0,0,0,0,4,0,0,0,0,4,0,0,4,0,0,4,0,0,0,0,0,0,4,0,0,4,0,0,0,4,0,0
"Bembicium vittatum",0,0,0,4,3,1,0,4,0,0,0,4,0,0,0,0,4,0,0,0,2,2,0,0,0,0,4,0,0,0,0,4,0,0,4,0,0,4,0,0,0,0,0,0,4,0,0,4,0,0,0,4,0,0
"Biffarius arenosus",0,4,0,0,4,0,0,4,0,2,0,0,0,0,0,2,4,0,0,0,0,2,0,2,0,4,0,0,0,0,4,0,0,0,0,4,0,0,4,0,0,0,0,4,0,0,0,0,4,0,0,4,0,0
"Biffarius limosus",0,4,0,0,4,0,0,4,0,2,0,0,0,0,0,2,4,0,0,0,0,2,0,2,0,4,0,0,0,0,4,0,0,0,0,4,0,0,4,0,0,0,0,4,0,0,0,0,4,0,0,4,0,0
"Boccardiella limnicola",0,0,0,4,4,0,0,4,0,2,2,0,0,0,0,0,4,0,0,0,0,0,0,2,2,0,4,0,0,0,0,4,0,0,0,0,4,2,2,0,0,0,0,4,0,0,0,0,4,0,0,4,0,0
"Brachidontes rostratus",0,0,0,4,4,0,0,4,0,0,4,0,0,0,0,0,4,0,0,0,2,2,0,0,0,4,0,0,0,0,0,4,0,0,2,0,2,4,0,0,0,0,0,2,2,0,4,0,0,0,0,4,0,0
"Brachidontes sp.",0,0,0,4,4,0,0,4,0,0,4,0,0,0,0,0,4,0,0,0,2,2,0,0,0,4,0,0,0,0,0,4,0,0,2,0,2,4,0,0,0,0,0,2,2,0,4,0,0,0,0,4,0,0
"Brachynotus spinosus",0,4,0,0,0,4,0,4,0,0,0,0,0,2,2,0,4,0,0,2,0,2,0,0,0,0,4,0,0,0,0,4,0,0,0,0,4,0,0,0,4,0,0,0,4,0,0,0,4,0,0,0,0,4
"Bulla quoyii",0,2,2,0,4,0,0,4,0,0,0,4,0,0,0,0,4,0,0,0,2,2,0,0,0,0,4,0,0,0,0,4,0,0,4,0,0,4,0,0,0,0,0,0,4,0,4,0,0,0,0,4,0,0
"Byblis sp.",0,0,0,4,0,3,1,4,0,0,1,0,0,1,1,1,4,0,0,0,0,2,0,2,0,0,4,0,0,0,2,2,0,0,2,0,2,0,0,0,4,0,2,2,0,0,0,0,4,0,0,4,0,0
"Cacozeliana granarium",0,2,0,2,0,4,0,4,0,0,0,4,0,0,0,0,4,0,0,0,2,2,0,0,0,0,4,0,0,0,2,2,0,0,2,0,2,4,0,0,0,0,0,4,0,4,0,0,0,0,0,4,0,0
"Cadulus vincentianus ",0,4,0,0,4,0,0,4,0,4,0,0,0,0,0,0,4,0,0,0,0,2,0,2,0,4,0,0,0,0,4,0,0,0,0,3,1,4,0,0,0,0,0,0,4,4,0,0,0,0,0,4,0,0
"Callianassidae",0,4,0,0,4,0,0,4,0,2,0,0,0,0,0,2,4,0,0,0,0,2,0,2,0,4,0,0,0,0,4,0,0,0,0,4,0,0,4,0,0,0,0,4,0,0,0,0,4,0,0,4,0,0
"Callista kingii",0,0,0,4,4,0,0,4,0,0,4,0,0,0,0,0,4,0,0,0,2,2,0,0,0,4,0,0,0,0,4,0,0,0,0,4,0,4,0,0,0,0,0,0,4,4,0,0,0,0,0,4,0,0
"Capitellidae",0,2,0,2,0,2,2,4,0,2,0,0,0,0,0,2,4,0,0,0,0,0,0,0,4,2,2,0,0,0,2,2,0,0,0,0,4,0,3,1,0,0,0,4,0,0,0,0,2,2,0,0,4,0
"Caprella danilevskii",0,0,4,0,0,4,0,4,0,0,0,0,0,4,0,0,4,0,0,0,0,2,0,2,0,0,4,0,0,0,0,4,0,0,4,0,0,0,0,0,4,0,4,0,0,0,0,0,4,0,0,0,4,0
"Caprellidae",0,0,4,0,0,4,0,4,0,0,1,0,0,1,2,0,4,0,0,0,0,0,2,2,0,0,4,0,0,0,0,4,0,0,4,0,0,0,0,0,4,0,2,2,0,0,0,0,4,0,0,0,4,0
"Cardiidae",0,2,0,2,4,0,0,4,0,0,4,0,0,0,0,0,4,0,0,0,2,2,0,0,0,4,0,0,0,0,2,2,0,0,2,0,2,4,0,0,0,0,0,0,4,4,0,0,0,0,0,4,0,0
"Cardita crassicosta",0,2,0,2,4,0,0,4,0,0,4,0,0,0,0,0,4,0,0,0,2,2,0,0,0,4,0,0,0,0,2,2,0,0,2,0,2,4,0,0,0,0,0,0,4,4,0,0,0,0,0,4,0,0
"Caridea",0,0,4,0,4,0,0,4,0,0,1,0,0,2,1,0,4,0,0,0,0,2,0,2,0,0,4,0,0,0,0,4,0,0,4,0,0,2,2,0,0,0,0,2,2,2,0,0,2,0,0,4,0,0
"Carpoapseudes austroafricanus",0,0,0,4,0,2,2,4,0,0,1,0,0,3,0,0,4,0,0,2,0,2,0,0,0,0,4,0,0,0,2,2,0,0,2,0,2,0,0,0,4,0,0,2,2,0,0,0,4,0,0,0,4,0
"Cassidinopsis lacertosa",0,4,0,0,2,2,0,4,0,1,1,1,0,0,1,0,4,0,0,2,0,2,0,0,0,0,4,0,0,0,2,2,0,0,0,2,2,0,0,0,4,0,4,0,0,0,0,0,4,0,0,0,4,0
"Cellana tramoserica",0,0,4,0,2,2,0,4,0,0,0,4,0,0,0,0,4,0,0,0,2,2,0,0,0,0,4,0,0,0,0,4,0,0,4,0,0,4,0,0,0,0,0,0,4,4,0,0,0,0,0,4,0,0
"Centrocardita rosulenta",0,2,0,2,4,0,0,4,0,0,4,0,0,0,0,0,4,0,0,0,2,2,0,0,0,4,0,0,0,0,2,2,0,0,2,0,2,4,0,0,0,0,0,0,4,4,0,0,0,0,0,4,0,0
"Ceratocumatidae",0,0,0,4,0,3,1,4,0,1,0,0,0,2,1,0,4,0,0,0,0,2,0,2,0,0,4,0,0,0,2,2,0,0,2,0,2,0,0,0,4,0,4,0,0,0,0,0,4,0,0,4,0,0
"Ceratopogonidae",0,0,4,0,0,4,0,4,0,1,0,1,0,2,0,0,4,0,0,0,0,0,0,2,2,0,4,0,0,0,0,4,0,0,4,0,0,0,0,4,0,0,4,0,0,0,0,4,0,0,0,4,0,0
"Cerceis tridentata",0,0,4,0,0,4,0,4,0,0,0,0,0,0,4,0,4,0,0,2,0,2,0,0,0,0,4,0,0,0,0,4,0,0,4,0,0,0,0,0,0,4,0,4,0,0,0,0,4,0,0,0,0,0
"Cerithiidae",0,2,0,2,0,3,1,4,0,0,0,4,0,0,0,0,4,0,0,0,2,2,0,0,0,0,4,0,0,0,2,2,0,0,2,0,2,4,0,0,0,0,0,4,0,4,0,0,0,0,0,4,0,0
"Chama sp.",0,2,0,2,4,0,0,4,0,0,4,0,0,0,0,0,4,0,0,0,2,2,0,0,0,4,0,0,0,0,2,2,0,0,2,0,2,4,0,0,0,0,0,0,4,4,0,0,0,0,0,4,0,0
"Chamaesipho tasmanica",0,0,0,4,2,2,0,0,4,0,4,0,0,0,0,0,0,4,0,2,0,2,0,0,0,0,0,4,0,4,0,0,0,4,0,0,0,0,0,0,4,0,0,4,0,0,0,0,4,0,0,0,2,2
"Chironomidae larvae",0,0,4,0,0,3,1,4,0,0,0,0,0,0,4,0,4,0,0,0,0,0,0,2,2,0,4,0,0,0,0,4,0,0,4,0,0,3,0,1,0,0,4,0,0,0,0,4,0,0,0,4,0,0
"Chitonopsis spatulifrons",0,4,0,0,2,2,0,4,0,1,1,1,0,0,1,0,4,0,0,2,0,2,0,0,0,0,4,0,0,0,2,2,0,0,0,2,2,0,0,0,4,0,4,0,0,0,0,0,4,0,0,0,0,0
"Chondrochelia ignota",0,0,0,4,2,2,0,4,0,4,0,0,0,0,0,0,4,0,0,2,0,2,0,0,0,0,4,0,0,0,2,0,2,0,2,0,2,0,0,0,4,0,0,2,2,0,0,0,4,0,0,0,4,0
"Cirolana cranchii",0,0,0,4,0,4,0,4,0,0,0,0,0,2,2,0,4,0,0,2,0,2,0,0,0,0,2,0,2,0,0,4,0,0,4,0,0,0,0,0,4,0,1,3,0,0,0,0,4,0,0,0,4,0
"Cirratulidae",0,4,0,0,1,2,1,4,0,3,1,0,0,0,0,0,4,0,0,0,0,0,0,2,2,0,4,0,0,0,1,2,1,0,0,4,0,0,0,0,4,0,0,4,0,2,0,0,2,0,0,4,0,0
"Cirriformia sp.",0,4,0,0,1,2,1,4,0,3,1,0,0,0,0,0,4,0,0,0,0,0,0,2,2,0,4,0,0,0,1,2,1,0,0,4,0,0,0,0,4,0,0,4,0,2,0,0,2,0,0,4,0,0
"Clanculus dunkeri",0,0,0,4,0,4,0,4,0,0,0,4,0,0,0,0,4,0,0,0,2,2,0,0,0,0,4,0,0,0,0,4,0,0,4,0,0,4,0,0,0,0,0,4,0,0,0,4,0,0,0,4,0,0
"Clanculus limbatus",0,0,0,4,0,4,0,4,0,0,0,4,0,0,0,0,4,0,0,0,2,2,0,0,0,0,4,0,0,0,0,4,0,0,4,0,0,4,0,0,0,0,0,4,0,0,0,4,0,0,0,4,0,0
"Clanculus philippi",0,0,0,4,0,4,0,4,0,0,0,4,0,0,0,0,4,0,0,0,2,2,0,0,0,0,4,0,0,0,0,4,0,0,4,0,0,4,0,0,0,0,0,4,0,0,0,4,0,0,0,4,0,0
"Clanculus plebejus",0,0,0,4,0,4,0,4,0,0,0,4,0,0,0,0,4,0,0,0,2,2,0,0,0,0,4,0,0,0,0,4,0,0,4,0,0,4,0,0,0,0,0,4,0,0,0,4,0,0,0,4,0,0
"Cominella lineolata",0,1,2,1,4,0,0,4,0,0,0,0,0,0,4,0,4,0,0,0,2,2,0,0,0,0,4,0,0,0,0,4,0,0,4,0,0,0,0,0,0,4,0,2,2,0,0,4,0,0,0,4,0,0
"Condylocardiidae",0,2,0,2,0,0,4,4,0,0,4,0,0,0,0,0,4,0,0,0,2,2,0,0,0,4,0,0,0,0,2,2,0,0,2,0,2,4,0,0,0,0,4,0,0,4,0,0,0,0,0,4,0,0
"Conuber conicum",0,0,0,4,4,0,0,4,0,0,0,0,0,4,0,0,4,0,0,0,2,2,0,0,0,0,4,0,0,0,0,4,0,0,4,0,0,4,0,0,0,0,0,4,0,0,0,4,0,0,0,4,0,0
"Corophiidae",0,4,0,0,1,3,0,4,0,0,4,0,0,0,0,0,4,0,0,0,0,2,0,2,0,4,0,0,0,0,4,0,0,0,0,4,0,0,0,0,4,0,4,0,0,0,0,0,4,0,0,0,0,4
"Crabyzos longicaudatus",0,0,4,0,0,4,0,4,0,0,0,0,0,0,4,0,4,0,0,2,0,2,0,0,0,0,4,0,0,0,0,4,0,0,4,0,0,0,0,0,4,0,4,0,0,0,0,0,4,0,0,0,4,0
"Cryptocnemus vincentianus",0,4,0,0,0,4,0,4,0,0,0,0,0,0,4,0,4,0,0,2,0,2,0,0,0,0,4,0,0,0,1,3,0,0,3,0,1,0,0,0,4,0,2,2,0,0,0,0,4,0,0,4,0,0
"Cumacea",0,0,0,4,0,3,1,4,0,1,0,0,0,1,2,0,4,0,0,2,0,2,0,0,0,0,4,0,0,0,2,2,0,0,2,0,2,0,0,0,4,0,4,0,0,0,0,0,4,0,0,4,0,0
"Cyclaspis spilotes",0,0,0,4,0,3,1,4,0,2,0,0,0,1,1,0,4,0,0,2,0,0,0,2,0,1,2,0,1,0,2,2,0,0,2,0,2,0,0,0,0,4,4,0,0,0,0,0,4,0,0,4,0,0
"Cyclaspis tribulis",0,0,0,4,0,3,1,4,0,1,0,0,0,2,1,0,4,0,0,0,0,2,0,2,0,0,4,0,0,0,2,2,0,0,2,0,2,0,0,0,4,0,4,0,0,0,0,0,4,0,0,4,0,0
"Cyproideidae",0,4,0,0,0,3,1,4,0,0,0,0,0,2,2,0,4,0,0,0,0,2,0,2,0,2,2,0,0,0,4,0,0,0,0,4,0,0,0,0,4,0,4,0,0,0,0,0,4,0,0,4,0,0
"Dexaminidae",0,0,0,4,0,4,0,4,0,0,1,0,0,0,2,1,4,0,0,0,0,2,0,2,0,0,4,0,0,0,2,2,0,0,2,0,2,0,0,0,4,0,2,2,0,0,0,0,4,0,0,4,0,0
"Diastylidae",0,0,0,4,0,3,1,4,0,1,0,0,0,2,1,0,4,0,0,0,0,2,0,2,0,0,4,0,0,0,2,2,0,0,2,0,2,0,0,0,4,0,4,0,0,0,0,0,4,0,0,4,0,0
"Dolichopodidae larvae",0,0,4,0,0,3,1,4,0,0,0,0,0,4,0,0,4,0,0,0,0,0,0,2,2,0,4,0,0,0,0,4,0,0,4,0,0,0,0,4,0,0,4,0,0,0,4,0,0,0,0,4,0,0
"Dorvilleidae",0,4,0,0,1,2,1,4,0,1,0,0,0,3,0,0,4,0,0,0,0,0,0,2,2,0,4,0,0,0,0,4,0,0,0,1,3,0,2,0,2,0,0,4,0,0,0,0,4,0,0,4,0,0
"Dosinia sp.",0,4,0,0,1,1,2,4,0,2,2,0,0,0,0,0,4,0,0,0,2,2,0,0,0,4,0,0,0,0,4,0,0,0,0,4,0,4,0,0,0,0,0,4,0,0,4,0,0,0,0,4,0,0
"Duplicaria kieneri",0,0,0,4,1,3,0,4,0,0,0,0,0,4,0,0,4,0,0,0,2,2,0,0,0,0,4,0,0,0,0,4,0,0,4,0,0,4,0,0,0,0,0,4,0,0,0,4,0,0,0,4,0,0
"Ebalia intermedia",0,4,0,0,4,0,0,4,0,0,0,0,0,2,2,0,4,0,0,2,0,2,0,0,0,0,4,0,0,0,1,3,0,0,3,0,1,0,0,0,4,0,0,2,2,0,0,0,4,0,0,4,0,0
"Electroma papilionacea",0,2,0,2,4,0,0,4,0,2,2,0,0,0,0,0,4,0,0,0,2,2,0,0,0,4,0,0,0,0,4,0,0,0,0,4,0,4,0,0,0,0,0,1,3,0,4,0,0,0,0,4,0,0
"Eoacmaea calamus",0,0,4,0,2,2,0,4,0,0,0,4,0,0,0,0,4,0,0,0,2,0,2,0,0,0,4,0,0,0,0,4,0,0,4,0,0,4,0,0,0,0,0,2,2,4,0,0,0,0,0,4,0,0
"Epitonium tenerum",0,0,0,4,4,0,0,4,0,0,0,0,0,4,0,0,4,0,0,0,2,2,0,0,0,0,4,0,0,0,0,4,0,0,4,0,0,4,0,0,0,0,0,0,4,4,0,0,0,0,0,4,0,0
"Equichlamys bifrons",0,0,0,4,4,0,0,4,0,0,4,0,0,0,0,0,4,0,0,0,2,2,0,0,0,4,0,0,0,0,2,2,0,0,0,2,2,4,0,0,0,0,0,0,4,4,0,0,0,0,0,4,0,0
"Euchone variabilis",0,4,0,0,0,4,0,4,0,2,2,0,0,0,0,0,4,0,0,0,0,0,0,2,2,0,4,0,0,0,0,0,4,0,0,4,0,2,2,0,0,0,0,4,0,0,0,0,4,0,0,4,0,0
"Euidotea bakeri",0,0,4,0,0,4,0,4,0,0,0,4,0,0,0,0,4,0,0,2,0,2,0,0,0,0,4,0,0,0,0,4,0,0,4,0,0,0,0,0,4,0,2,2,0,0,0,0,4,0,0,0,4,0
"Eunicidae",0,2,0,2,4,0,0,4,0,0,0,0,0,4,0,0,4,0,0,0,0,0,0,2,2,0,4,0,0,0,2,1,1,0,0,2,2,4,0,0,0,0,0,0,4,2,0,2,0,0,0,4,0,0
"Euphrosinidae",0,4,0,0,1,3,0,4,0,0,0,0,0,4,0,0,4,0,0,0,0,0,0,2,2,0,4,0,0,0,0,4,0,0,2,0,2,0,0,0,4,0,0,4,0,0,0,0,4,0,0,4,0,0
"Eusiridae",0,0,0,4,0,4,0,4,0,0,0,0,0,0,4,0,4,0,0,0,0,2,0,2,0,2,2,0,0,0,2,2,0,0,2,0,2,0,0,0,4,0,0,4,0,0,0,0,4,0,0,0,4,0
"Exosphaeroma alii",0,4,0,0,4,0,0,4,0,1,1,1,0,0,1,0,4,0,0,2,0,2,0,0,0,0,4,0,0,0,3,1,0,0,0,4,0,0,0,0,4,0,4,0,0,0,0,0,4,0,0,0,4,0
"Exosphaeroma bicolor",0,4,0,0,4,0,0,4,0,1,1,1,0,0,1,0,4,0,0,2,0,2,0,0,0,0,4,0,0,0,3,1,0,0,0,4,0,0,0,0,4,0,4,0,0,0,0,0,4,0,0,0,4,0
"Ficopomatus enigmaticus",0,0,4,0,4,0,0,0,4,0,4,0,0,0,0,0,0,4,0,0,0,0,0,2,2,0,0,4,0,2,0,0,2,4,0,0,0,4,0,0,0,0,0,0,4,4,0,0,0,0,0,4,0,0
"Fissurellidae ",0,0,4,0,0,3,1,4,0,0,0,4,0,0,0,0,4,0,0,0,2,2,0,0,0,0,4,0,0,0,0,4,0,0,4,0,0,4,0,0,0,0,0,4,0,0,2,2,0,0,0,4,0,0
"Flabelligeridae",0,4,0,0,4,0,0,4,0,4,0,0,0,0,0,0,4,0,0,0,0,0,0,2,2,2,2,0,0,0,2,0,2,0,0,4,0,0,0,0,4,0,0,4,0,0,0,0,4,0,0,4,0,0
"Galathea australiens",0,0,0,4,4,0,0,4,0,1,1,0,0,1,1,0,4,0,0,2,0,2,0,0,0,0,4,0,0,0,0,4,0,0,4,0,0,4,0,0,0,0,0,0,4,0,0,0,4,0,0,4,0,0
"Gammaridae",0,0,0,4,0,4,0,4,0,0,1,0,0,0,2,1,4,0,0,0,0,2,0,2,0,0,4,0,0,0,2,2,0,0,2,0,2,0,0,0,4,0,2,2,0,0,0,0,4,0,0,0,4,0
"Gazameda iredalei",0,0,0,4,4,0,0,4,0,0,4,0,0,0,0,0,4,0,0,0,2,2,0,0,0,0,4,0,0,0,4,0,0,0,0,0,4,4,0,0,0,0,0,4,0,4,0,0,0,0,0,4,0,0
"Glyceridae",0,4,0,0,2,2,0,4,0,2,0,0,0,2,0,0,4,0,0,0,0,0,0,2,2,0,4,0,0,0,4,0,0,0,0,4,0,4,0,0,0,0,0,0,4,4,0,0,0,0,0,4,0,0
"Glycymeris radians",0,2,0,2,4,0,0,4,0,0,4,0,0,0,0,0,4,0,0,0,2,2,0,0,0,4,0,0,0,0,4,0,0,0,0,4,0,4,0,0,0,0,0,0,4,4,0,0,0,0,0,4,0,0
"Gnathia mulieraria",0,0,4,0,0,4,0,4,0,0,0,0,0,0,4,0,4,0,0,0,0,2,0,2,0,0,4,0,0,0,0,4,0,0,4,0,0,0,0,0,4,0,4,0,0,0,0,0,4,0,0,0,4,0
"Golfingia sp.",0,2,0,2,4,0,0,4,0,4,0,0,0,0,0,0,4,0,0,0,0,0,0,2,2,0,4,0,0,0,4,0,0,0,0,2,2,0,2,2,0,0,0,4,0,2,0,0,2,0,0,4,0,0
"Gomeza bicornis",0,0,0,4,4,0,0,4,0,0,0,0,0,2,2,0,4,0,0,2,0,2,0,0,0,2,2,0,0,0,4,0,0,0,0,0,4,2,0,0,2,0,0,0,4,0,0,0,4,0,0,4,0,0
"Goniadidae",0,4,0,0,4,0,0,4,0,0,0,0,0,4,0,0,4,0,0,0,0,0,0,2,2,0,4,0,0,0,4,0,0,0,0,0,4,4,0,0,0,0,0,0,4,2,2,0,0,0,0,4,0,0
"Granata sp.",0,0,0,4,0,4,0,4,0,0,0,4,0,0,0,0,4,0,0,0,2,2,0,0,0,0,4,0,0,0,0,4,0,0,4,0,0,4,0,0,0,0,0,4,0,0,0,4,0,0,0,4,0,0
"Gynodiastylis truncatifrons",0,0,0,4,0,3,1,4,0,1,0,0,0,2,1,0,4,0,0,0,0,2,0,2,0,0,4,0,0,0,2,2,0,0,2,0,2,0,0,0,4,0,4,0,0,0,0,0,4,0,0,4,0,0
"Halicarcinus ovatus",0,4,0,0,4,0,0,4,0,0,0,0,0,3,1,0,4,0,0,2,0,2,0,0,0,0,4,0,0,0,0,4,0,0,4,0,0,0,0,4,0,0,0,2,2,0,0,0,4,0,0,0,4,0
"Haloniscus searlei",0,4,0,0,4,0,0,4,0,0,0,4,0,0,0,0,4,0,0,2,0,2,0,0,0,4,0,0,0,0,4,0,0,0,0,4,0,0,0,0,4,0,0,4,0,0,0,0,4,0,0,0,4,0
"Haustorius sp.",0,0,0,4,0,4,0,4,0,0,1,0,0,0,2,1,4,0,0,0,0,2,0,2,0,0,4,0,0,0,2,2,0,0,2,0,2,0,0,0,4,0,2,2,0,0,0,0,4,0,0,4,0,0
"Helograpsus haswellianus",0,4,0,0,3,1,0,4,0,0,0,2,0,1,1,0,4,0,0,2,0,2,0,0,0,0,4,0,0,0,0,4,0,0,4,0,0,0,0,0,4,0,0,0,4,0,0,0,4,0,0,4,0,0
"Heteroserolis australiensis",0,4,0,0,2,2,0,4,0,4,0,0,0,0,0,0,4,0,0,2,0,2,0,0,0,0,4,0,0,0,4,0,0,0,0,0,4,0,4,0,0,0,0,4,0,0,0,0,4,0,0,0,4,0
"Hiatella australis",0,4,0,0,4,0,0,4,0,0,4,0,0,"NA",0,0,4,0,0,0,2,2,0,0,0,4,0,0,0,0,4,0,0,0,0,4,0,0,4,0,0,0,0,0,4,4,0,0,0,0,0,4,0,0
"Hiatula alba",0,2,0,2,4,0,0,4,0,2,2,0,0,0,0,0,4,0,0,0,2,2,0,0,0,4,0,0,0,0,4,0,0,0,0,4,0,4,0,0,0,0,0,3,1,4,0,0,0,0,0,4,0,0
"Holopneustes purpurascens",0,0,0,4,2,2,0,4,0,0,0,4,0,0,0,0,4,0,0,0,2,2,0,0,0,0,4,0,0,0,0,4,0,0,4,0,0,4,0,0,0,0,0,2,2,4,0,0,0,0,0,0,0,4
"Holothuria (Panningothuria) austrinabassa ",0,4,0,0,4,0,0,4,0,2,0,0,0,1,1,0,4,0,0,0,0,0,0,2,2,0,4,0,0,0,0,4,0,0,4,0,0,0,0,0,4,0,0,0,4,0,0,0,4,0,0,4,0,0
"Holothuroidea",0,4,0,0,4,0,0,4,0,2,0,1,0,0,0,1,4,0,0,0,0,0,0,2,2,0,4,0,0,0,0,4,0,0,4,0,0,0,0,0,4,0,0,2,2,0,0,0,4,0,0,4,0,0
"Hyalidae",0,0,4,0,2,2,0,4,0,1,0,2,0,0,1,0,4,0,0,0,0,2,0,2,0,0,4,0,0,0,0,4,0,0,4,0,0,0,0,0,4,0,4,0,0,0,0,0,4,0,0,0,4,0
"Hydrobiidae",1,0,2,1,0,2,2,4,0,2,0,2,0,0,0,0,4,0,0,0,2,2,0,0,0,0,4,0,0,0,0,4,0,0,4,0,0,4,0,0,0,0,2,2,0,0,2,2,0,0,0,4,0,0
"Isaeidae",0,0,0,4,1,3,0,4,0,0,3,1,0,0,0,0,4,0,0,0,0,2,0,2,0,0,4,0,0,0,2,2,0,0,2,0,2,0,0,0,4,0,2,2,0,0,0,0,4,0,0,4,0,0
"Ischnochiton sp.",0,0,0,4,4,0,0,4,0,0,0,4,0,0,0,0,4,0,0,0,2,2,0,0,0,0,4,0,0,0,0,4,0,0,4,0,0,0,4,0,0,0,0,4,0,4,0,0,0,0,0,4,0,0
"Ischnochiton variegatus",0,0,0,4,4,0,0,4,0,0,0,4,0,0,0,0,4,0,0,0,2,2,0,0,0,0,4,0,0,0,0,4,0,0,4,0,0,0,4,0,0,0,0,4,0,4,0,0,0,0,0,4,0,0
"Janiridae",0,0,0,4,0,4,0,4,0,2,0,2,0,0,0,0,4,0,0,2,0,2,0,0,0,0,2,0,2,0,1,3,0,0,4,0,0,0,0,0,0,4,4,0,0,0,0,0,4,0,0,0,4,0
"Katelysia peronii",0,2,0,2,4,0,0,4,0,2,2,0,0,0,0,0,4,0,0,0,2,2,0,0,0,4,0,0,0,0,4,0,0,0,0,4,0,4,0,0,0,0,0,1,3,0,4,0,0,0,0,0,0,4
"Katelysia rhytiphora",0,2,0,2,4,0,0,4,0,2,2,0,0,0,0,0,4,0,0,0,2,2,0,0,0,4,0,0,0,0,4,0,0,0,0,4,0,4,0,0,0,0,0,1,3,0,4,0,0,0,0,0,0,4
"Katelysia scalarina",0,2,0,2,4,0,0,4,0,2,2,0,0,0,0,0,4,0,0,0,2,2,0,0,0,4,0,0,0,0,4,0,0,0,0,4,0,4,0,0,0,0,0,1,3,0,4,0,0,0,0,0,0,4
"Laternula sp.",0,4,0,0,4,0,0,4,0,0,4,0,0,0,0,0,4,0,0,0,2,0,2,0,0,0,4,0,0,0,4,0,0,0,0,4,0,0,4,0,0,0,0,0,4,2,2,0,0,0,0,4,0,0
"Leptocheliidae",0,0,0,4,0,2,2,4,0,2,0,2,0,0,0,0,4,0,0,2,0,2,0,0,0,0,4,0,0,0,4,0,0,0,2,0,2,0,0,0,4,0,0,2,2,0,0,0,4,0,0,0,4,0
"Leucosoleniidae",0,0,0,4,4,0,0,0,4,0,4,0,0,0,0,0,4,0,0,0,0,2,0,2,0,0,0,4,0,4,0,0,0,4,0,0,0,4,0,0,0,0,0,0,4,4,0,0,0,0,0,4,0,0
"Liloa brevis",0,2,2,0,4,0,0,4,0,0,0,4,0,0,0,0,4,0,0,0,2,2,0,0,0,0,4,0,0,0,0,4,0,0,4,0,0,4,0,0,0,0,0,4,0,0,4,0,0,0,0,4,0,0
"Limaria orientalis",0,0,0,4,0,4,0,4,0,0,4,0,0,0,0,0,4,0,0,0,2,2,0,0,0,4,0,0,0,0,2,2,0,0,2,0,2,4,0,0,0,0,0,0,4,4,0,0,0,0,0,4,0,0
"Limatula strangei",0,0,0,4,0,4,0,4,0,0,4,0,0,0,0,0,4,0,0,0,2,2,0,0,0,4,0,0,0,0,2,2,0,0,2,0,2,4,0,0,0,0,0,0,4,4,0,0,0,0,0,4,0,0
"Litocheira bispinosa",0,4,0,0,4,0,0,4,0,0,0,0,0,2,2,0,4,0,0,2,0,2,0,0,0,0,4,0,0,0,2,2,0,0,4,0,0,0,0,0,4,0,0,4,0,0,0,0,4,0,0,0,4,0
"Litogynodiastylis turgida",0,4,0,0,0,4,0,4,0,2,0,0,0,2,0,0,4,0,0,2,0,2,0,0,0,0,4,0,0,0,0,4,0,0,4,0,0,0,0,0,4,0,0,2,2,0,0,0,4,0,0,4,0,0
"Lophopagurus (Lophopagurus) nanus",0,0,0,4,4,0,0,4,0,1,1,0,0,0,2,0,4,0,0,0,2,2,0,0,0,0,4,0,0,0,0,4,0,0,4,0,0,4,0,0,0,0,2,1,1,0,0,0,4,0,0,4,0,0
"Lottiidae",0,0,4,0,0,4,0,4,0,0,0,4,0,0,0,0,4,0,0,0,2,2,0,0,0,0,4,0,0,0,0,4,0,0,4,0,0,4,0,0,0,0,0,0,4,4,0,0,0,0,0,4,0,0
"Lucinidae",0,2,0,2,4,0,0,4,0,0,4,0,0,0,0,0,4,0,0,0,2,2,0,0,0,4,0,0,0,0,4,0,0,0,0,4,0,4,0,0,0,0,0,4,0,4,0,0,0,0,0,4,0,0
"Lumbrineridae",0,4,0,0,3,1,0,4,0,1,0,0,0,3,0,0,4,0,0,0,0,0,0,2,2,0,4,0,0,0,1,3,0,0,0,4,0,2,2,0,0,0,0,2,2,0,0,4,0,0,0,4,0,0
"Lutraria rhynchaena",0,2,0,2,4,0,0,4,0,0,4,0,0,0,0,0,4,0,0,0,2,0,2,0,0,4,0,0,0,0,0,4,0,0,0,4,0,4,0,0,0,0,0,2,2,0,4,0,0,0,0,4,0,0
"Lysianassidae",0,4,0,0,2,2,0,4,0,0,0,0,0,0,4,0,4,0,0,0,0,2,0,2,0,0,4,0,0,0,0,4,0,0,4,0,0,0,0,0,4,0,2,2,0,0,0,0,4,0,0,4,0,0
"Macomona deltoidalis",0,4,0,0,4,0,0,4,0,2,2,0,0,0,0,0,4,0,0,0,2,2,0,0,0,4,0,0,0,0,4,0,0,0,0,3,1,4,0,0,0,0,0,1,3,0,4,0,0,0,0,4,0,0
"Mactridae",0,0,0,4,2,2,0,4,0,2,2,0,0,0,0,0,4,0,0,0,2,0,2,0,0,4,0,0,0,0,4,0,0,0,0,2,2,4,0,0,0,0,0,0,4,2,2,0,0,0,0,4,0,0
"Mactrotoma antecedens",0,4,0,0,4,0,0,4,0,0,4,0,0,0,0,0,4,0,0,0,2,2,0,0,0,4,0,0,0,0,4,0,0,0,0,4,0,4,0,0,0,0,0,0,4,0,4,0,0,0,0,4,0,0
"Magellania flavescens",0,0,0,4,4,0,0,4,0,0,4,0,0,0,0,0,4,0,0,0,2,0,2,0,0,4,0,0,0,0,4,0,0,0,0,0,4,4,0,0,0,0,0,0,4,4,0,0,0,0,0,4,0,0
"Magelonidae",0,4,0,0,4,0,0,4,0,4,0,0,0,0,0,0,4,0,0,0,0,0,0,2,2,2,2,0,0,0,4,0,0,0,0,4,0,4,0,0,0,0,0,4,0,2,2,0,0,0,0,4,0,0
"Maldanidae",0,4,0,0,1,2,1,4,0,3,1,0,0,0,0,0,4,0,0,0,0,0,0,2,2,0,4,0,0,0,4,0,0,0,0,4,0,0,2,0,2,0,0,4,0,1,1,0,2,0,0,4,0,0
"Mesanthura maculata",0,0,4,0,0,4,0,4,0,0,0,0,0,2,2,0,4,0,0,0,0,2,0,2,0,0,4,0,0,0,0,4,0,0,4,0,0,0,0,0,4,0,0,4,0,0,0,0,4,0,0,0,4,0
"Metapenaeopsis novaeguineae",0,0,4,0,4,0,0,4,0,0,0,0,0,4,0,0,4,0,0,2,0,2,0,0,0,0,4,0,0,0,0,4,0,0,4,0,0,0,0,0,4,0,0,4,0,0,0,0,4,0,0,4,0,0
"Mimachlamys sp.",0,2,0,2,4,0,0,4,0,0,4,0,0,0,0,0,4,0,0,0,2,2,0,0,0,4,0,0,0,0,4,0,0,0,0,0,4,4,0,0,0,0,0,0,4,4,0,0,0,0,0,4,0,0
"Mitrella australis",0,0,0,4,0,4,0,4,0,0,0,4,0,0,0,0,4,0,0,0,2,2,0,0,0,0,4,0,0,0,0,4,0,0,4,0,0,4,0,0,0,0,0,4,0,4,0,0,0,0,0,4,0,0
"Mitrella lincolnensis ",0,0,0,4,0,4,0,4,0,0,0,4,0,0,0,0,4,0,0,0,2,2,0,0,0,0,4,0,0,0,0,4,0,0,4,0,0,4,0,0,0,0,0,4,0,4,0,0,0,0,0,4,0,0
"Mopaliidae",0,0,0,4,4,0,0,4,0,0,0,2,0,2,0,0,4,0,0,0,2,2,0,0,0,0,4,0,0,0,0,4,0,0,4,0,0,0,2,2,0,0,0,0,4,4,0,0,0,0,0,4,0,0
"Musculus nana",0,0,0,4,4,0,0,4,0,0,4,0,0,0,0,0,4,0,0,0,2,2,0,0,0,4,0,0,0,0,0,4,0,0,4,0,0,4,0,0,0,0,0,2,2,0,4,0,0,0,0,4,0,0
"Myadora albida",0,0,0,4,0,4,0,4,0,0,4,0,0,0,0,0,4,0,0,0,2,2,0,0,0,4,0,0,0,0,2,2,0,0,0,0,4,0,4,0,0,0,0,0,4,4,0,0,0,0,0,4,0,0
"Mysella sp.",0,0,0,4,0,4,0,4,0,2,2,0,0,0,0,0,4,0,0,0,2,0,2,0,0,0,4,0,0,0,2,2,0,0,2,0,2,2,2,0,0,0,0,0,4,4,0,0,0,0,0,4,0,0
"Mysidae",0,0,4,0,4,0,0,4,0,2,2,0,0,0,0,0,4,0,0,0,0,2,0,2,0,0,0,0,4,0,0,4,0,0,4,0,0,0,0,0,0,4,0,4,0,0,0,0,4,0,0,4,0,0
"Nassariidae",1,0,2,1,1,3,0,4,0,0,0,0,0,0,4,0,4,0,0,0,2,2,0,0,0,0,4,0,0,0,2,2,0,0,4,0,0,4,0,0,0,0,0,4,0,0,2,2,0,0,0,4,0,0
"Nassarius pauperatus",1,0,2,1,1,3,0,4,0,0,0,0,0,0,4,0,4,0,0,0,2,2,0,0,0,0,4,0,0,0,2,2,0,0,4,0,0,4,0,0,0,0,0,4,0,0,2,2,0,0,0,4,0,0
"Nassarius pyrrhus",1,0,2,1,1,3,0,4,0,0,0,0,0,0,4,0,4,0,0,0,2,2,0,0,0,0,4,0,0,0,2,2,0,0,4,0,0,4,0,0,0,0,0,4,0,0,2,2,0,0,0,4,0,0
"Natatolana vieta",0,0,0,4,0,4,0,4,0,0,0,0,0,2,2,0,4,0,0,2,0,2,0,0,0,0,4,0,0,0,0,4,0,0,2,0,2,0,0,0,4,0,1,3,0,0,0,0,4,0,0,0,4,0
"Natica sp.",0,0,0,4,4,0,0,4,0,0,0,0,0,4,0,0,4,0,0,0,2,2,0,0,0,0,4,0,0,0,0,4,0,0,4,0,0,4,0,0,0,0,0,4,0,0,0,4,0,0,0,4,0,0
"Neanthes vaalii",0,4,0,0,4,0,0,4,0,1,0,0,0,2,1,0,4,0,0,0,0,0,0,2,2,4,0,0,0,0,3,0,1,0,0,3,1,1,0,1,2,0,0,1,3,0,0,0,4,0,0,4,0,0
"Neastacilla deducta",0,0,0,4,0,4,0,4,0,0,2,2,0,0,0,0,4,0,0,0,0,2,0,2,0,0,4,0,0,0,0,4,0,0,2,0,2,0,0,0,4,0,1,3,0,0,0,0,4,0,0,0,4,0
"Nebaliidae",0,0,4,0,0,0,4,4,0,0,4,0,0,0,0,0,4,0,0,0,0,2,0,2,0,0,0,0,4,0,0,4,0,0,4,0,0,0,0,0,4,0,4,0,0,2,0,0,2,0,0,4,0,0
"Nemertea",0,0,4,0,2,1,1,4,0,0,0,0,0,4,0,0,4,0,0,0,0,0,0,2,2,0,4,0,0,0,0,4,0,0,4,0,0,0,1,2,1,0,0,4,0,0,2,0,2,0,0,4,0,0
"Nemocardium sp.",0,2,0,2,4,0,0,4,0,0,4,0,0,0,0,0,4,0,0,0,2,2,0,0,0,4,0,0,0,0,2,2,0,0,2,0,2,4,0,0,0,0,0,0,4,4,0,0,0,0,0,4,0,0
"Neocallichirus angelikae",0,4,0,0,4,0,0,4,0,2,0,0,0,0,0,2,4,0,0,0,0,2,0,2,0,4,0,0,0,0,4,0,0,0,0,4,0,0,4,0,0,0,0,4,0,0,0,0,4,0,0,4,0,0
"Neotrigonia sp.",0,0,0,4,4,0,0,4,0,0,4,0,0,0,0,0,4,0,0,0,2,2,0,0,0,4,0,0,0,0,4,0,0,0,0,0,4,4,0,0,0,0,0,4,0,4,0,0,0,0,0,4,0,0
"Nephtyidae",0,4,0,0,4,0,0,4,0,0,0,0,0,3,0,1,4,0,0,0,0,0,0,2,2,2,1,0,1,0,2,2,0,0,0,4,0,4,0,0,0,0,0,0,4,4,0,0,0,0,0,4,0,0
"Nereididae",0,4,0,0,4,0,0,4,0,1,0,0,0,2,1,0,4,0,0,0,0,0,0,2,2,4,0,0,0,0,3,0,1,0,0,3,1,1,0,1,2,0,0,1,3,0,0,0,4,0,0,4,0,0
"Nerita atramentosa",0,0,3,1,4,0,0,4,0,0,0,4,0,0,0,0,4,0,0,0,2,0,2,0,0,0,4,0,0,0,0,4,0,0,4,0,0,4,0,0,0,0,0,3,1,0,4,0,0,0,0,4,0,0
"Notoacmea flammea",0,0,3,1,0,2,2,4,0,0,0,4,0,0,0,0,4,0,0,0,2,2,0,0,0,0,4,0,0,0,0,4,0,0,4,0,0,0,4,0,0,0,0,4,0,4,0,0,0,0,0,4,0,0
"Notospermus sp.",0,0,4,0,2,1,1,4,0,0,0,0,0,4,0,0,4,0,0,0,0,0,0,2,2,0,4,0,0,0,0,4,0,0,4,0,0,0,1,2,1,0,0,4,0,0,2,0,2,0,0,4,0,0
"Nototeredo edax",0,4,0,0,4,0,0,4,0,0,4,0,0,0,0,0,4,0,0,0,2,2,0,0,0,4,0,0,0,0,4,0,0,0,0,4,0,4,0,0,0,0,0,4,0,4,0,0,0,0,0,4,0,0
"Oenonidae",0,4,0,0,4,0,0,4,0,0,0,0,0,4,0,0,4,0,0,0,0,0,0,2,2,2,2,0,0,0,2,2,0,0,0,0,4,0,0,0,4,0,0,4,0,0,0,0,4,0,0,4,0,0
"Oligochaeta",0,1,0,3,1,1,2,4,0,1,0,0,0,0,0,3,4,0,0,0,0,0,0,2,2,0,4,0,0,0,2,2,0,0,0,1,3,0,0,4,0,0,0,2,2,0,0,4,0,0,0,4,0,0
"Onuphidae",0,0,0,4,4,0,0,4,0,0,0,0,2,0,2,0,0,4,0,0,0,0,0,2,2,2,2,0,0,4,0,0,0,0,0,2,2,1,2,0,1,0,0,0,4,0,1,0,1,0,2,4,0,0
"Opheliidae",0,4,0,0,1,2,1,4,0,4,0,0,0,0,0,0,4,0,0,0,0,0,0,2,2,4,0,0,0,0,4,0,0,0,0,4,0,1,1,0,2,0,0,2,2,0,0,0,4,0,0,4,0,0
"Ophiactis tricolor",0,4,0,0,4,0,0,4,0,0,0,0,0,1,3,0,4,0,0,0,0,2,0,2,0,0,4,0,0,0,0,4,0,0,4,0,0,4,0,0,0,0,0,0,4,4,0,0,0,0,0,4,0,0
"Ophiomyxa australis",0,4,0,0,4,0,0,4,0,0,0,0,0,1,3,0,4,0,0,0,0,2,0,2,0,0,4,0,0,0,0,4,0,0,4,0,0,4,0,0,0,0,0,0,4,4,0,0,0,0,0,4,0,0
"Ophionereis sp.",0,4,0,0,4,0,0,4,0,0,0,0,0,2,2,0,4,0,2,0,0,2,0,0,0,0,4,0,0,0,0,4,0,0,4,0,0,0,0,0,4,0,3,1,0,0,0,0,4,0,0,4,0,0
"Ophiothrix caespitosa",0,4,0,0,4,0,0,4,0,2,0,0,0,1,1,0,4,0,0,0,0,2,0,2,0,0,4,0,0,0,0,4,0,0,4,0,0,4,0,0,0,0,0,0,4,4,0,0,0,0,0,4,0,0
"Ophiuroidea",0,0,0,4,4,0,0,4,0,0,0,0,0,0,4,0,4,0,0,0,0,2,0,2,0,0,4,0,0,0,0,4,0,0,4,0,0,2,0,0,2,0,0,0,4,2,0,0,2,0,0,4,0,0
"Orbiniidae",0,4,0,0,4,0,0,4,0,4,0,0,0,0,0,0,4,0,0,0,0,0,0,2,2,4,0,0,0,0,4,0,0,0,0,4,0,4,0,0,0,0,0,4,0,0,0,4,0,0,0,4,0,0
"Oweniidae",0,4,0,0,4,0,0,4,0,2,0,0,0,0,2,0,4,0,0,0,0,0,0,2,2,2,2,0,0,0,4,0,0,0,0,0,4,4,0,0,0,0,0,4,0,0,4,0,0,0,0,4,0,0
"Paguridae",0,0,0,4,3,1,0,4,0,0,0,0,0,3,1,0,4,0,0,1,1,2,0,0,0,0,4,0,0,0,0,4,0,0,4,0,0,4,0,0,0,0,2,1,1,0,0,0,4,0,0,4,0,0
"Palaemon intermedius",0,0,4,0,4,0,0,4,0,2,0,0,0,1,1,0,4,0,0,2,0,2,0,0,0,0,4,0,0,0,0,4,0,0,4,0,0,0,4,0,0,0,2,2,0,4,0,0,0,0,0,2,1,1
"Paradentalium intercalatum",0,4,0,0,4,0,0,4,0,4,0,0,0,0,0,0,4,0,0,0,0,2,0,2,0,4,0,0,0,0,4,0,0,0,0,3,1,4,0,0,0,0,0,0,4,4,0,0,0,0,0,4,0,0
"Paragrapsus gaimardii",0,2,0,2,0,4,0,4,0,0,0,0,0,0,4,0,4,0,0,2,0,2,0,0,0,0,4,0,0,0,2,2,0,0,0,2,2,4,0,0,0,0,0,4,0,0,0,0,4,0,0,4,0,0
"Paraonidae",0,4,0,0,2,2,0,4,0,2,0,0,0,2,0,0,4,0,0,0,0,0,0,2,2,4,0,0,0,0,4,0,0,0,0,4,0,2,0,0,2,0,0,4,0,2,0,0,2,0,0,4,0,0
"Paraproto spinosa",0,0,4,0,0,4,0,4,0,0,0,0,0,4,0,0,4,0,0,0,0,2,0,2,0,0,4,0,0,0,0,4,0,0,4,0,0,0,0,0,4,0,4,0,0,0,0,0,4,0,0,0,4,0
"Parapseudidae",0,0,0,4,2,2,0,4,0,1,1,0,0,2,0,0,4,0,0,2,0,2,0,0,0,0,4,0,0,0,2,0,2,0,2,0,2,0,0,0,4,0,0,2,2,0,0,0,4,0,0,0,4,0
"Parastacilla bakeri",0,0,0,4,0,4,0,4,0,0,2,2,0,0,0,0,4,0,0,0,0,2,0,2,0,0,4,0,0,0,0,4,0,0,2,0,2,0,0,0,4,0,1,3,0,0,0,0,4,0,0,0,4,0
"Pardaliscidae",0,0,0,4,0,4,0,4,0,0,0,0,0,2,2,0,4,0,0,0,0,2,0,2,0,0,4,0,0,0,0,4,0,0,4,0,0,0,0,0,4,0,4,0,0,0,0,0,4,0,0,4,0,0
"Parvulastra exigua",0,0,2,2,2,2,0,4,0,0,0,0,0,3,1,0,4,0,2,0,0,2,0,0,0,0,4,0,0,0,0,4,0,0,4,0,0,4,0,0,0,0,0,0,4,4,0,0,0,0,0,0,0,4
"Patellidae",0,0,0,4,1,2,1,4,0,0,0,4,0,0,0,0,4,0,0,0,2,2,0,0,0,0,4,0,0,0,0,4,0,0,4,0,0,4,0,0,0,0,0,0,4,0,2,2,0,0,0,4,0,0
"Pectinariidae",0,4,0,0,1,3,0,4,0,4,0,0,0,0,0,0,4,0,0,0,0,0,0,2,2,4,0,0,0,0,0,0,4,0,0,0,4,2,2,0,0,0,0,4,0,4,0,0,0,0,0,4,0,0
"Peculator porphyria",0,0,4,0,0,2,2,4,0,0,0,0,0,4,0,0,4,0,0,0,2,2,0,0,0,0,4,0,0,0,0,4,0,0,4,0,0,4,0,0,0,0,2,2,0,4,0,0,0,0,0,4,0,0
"Penaeus latisulcatus",0,0,4,0,4,0,0,4,0,1,0,0,0,2,1,0,4,0,0,2,0,2,0,0,0,0,0,0,4,0,0,4,0,0,4,0,0,4,0,0,0,0,0,4,0,0,4,0,0,0,0,4,0,0
"Perthiidae",0,0,4,0,0,4,0,4,0,1,1,0,0,1,1,0,4,0,0,0,0,2,0,2,0,0,4,0,0,0,0,4,0,0,4,0,0,0,0,0,4,0,4,0,0,0,0,0,4,0,0,4,0,0
"Phasianotrochus eximius",0,0,4,0,4,0,0,4,0,0,0,4,0,0,0,0,4,0,0,0,2,2,0,0,0,0,4,0,0,0,0,4,0,0,4,0,0,4,0,0,0,0,0,0,4,0,0,4,0,0,0,4,0,0
"Philine angasi",0,2,2,0,4,0,0,4,0,0,0,0,0,4,0,0,4,0,0,0,2,2,0,0,0,0,4,0,0,0,2,2,0,0,4,0,0,4,0,0,0,0,0,2,2,0,4,0,0,0,0,4,0,0
"Phoratopodidae",0,0,4,0,0,4,0,4,0,2,2,0,0,0,0,0,4,0,0,2,0,2,0,0,0,0,4,0,0,0,0,4,0,0,4,0,0,0,0,0,4,0,2,2,0,0,0,0,4,0,0,0,4,0
"Phoxocephalidae",0,0,4,0,0,4,0,4,0,1,1,0,0,1,1,0,4,0,0,0,0,2,0,2,0,0,4,0,0,0,0,4,0,0,4,0,0,0,0,0,4,0,4,0,0,0,0,0,4,0,0,4,0,0
"Phyllodoce novaehollandiae",0,0,0,4,4,0,0,4,0,0,0,0,0,2,2,0,4,0,0,0,0,0,0,2,2,0,4,0,0,0,0,4,0,0,0,0,4,4,0,0,0,0,0,4,0,0,0,4,0,0,0,4,0,0
"Phyllodocidae",0,4,0,0,2,1,1,4,0,0,0,0,0,3,1,0,4,0,0,0,0,0,0,2,2,0,4,0,0,0,0,4,0,0,1,2,1,0,0,2,2,0,0,4,0,0,0,4,0,0,0,4,0,0
"Pilumnopeus serratifrons",0,4,0,0,4,0,0,4,0,1,0,1,0,1,1,0,4,0,0,2,0,2,0,0,0,2,2,0,0,0,2,2,0,0,2,0,2,2,0,0,2,0,0,2,2,0,0,0,4,0,0,4,0,0
"Pinna bicolor",0,0,0,4,4,0,0,4,0,0,4,0,0,0,0,0,4,0,0,0,2,2,0,0,0,4,0,0,0,0,4,0,0,0,0,2,2,4,0,0,0,0,0,0,4,4,0,0,0,0,0,4,0,0
"Placamen flindersi",0,0,0,4,4,0,0,4,0,0,4,0,0,0,0,0,4,0,0,0,2,2,0,0,0,4,0,0,0,0,4,0,0,0,0,4,0,4,0,0,0,0,0,0,4,4,0,0,0,0,0,4,0,0
"Plakarthriidae",0,0,4,0,0,4,0,4,0,2,1,1,0,0,0,0,4,0,0,2,0,2,0,0,0,0,4,0,0,0,2,2,0,0,2,0,2,4,0,0,0,0,2,2,0,0,0,0,4,0,0,0,4,0
"Platynympha longicaudata",0,4,0,0,0,4,0,4,0,1,1,2,0,0,0,0,4,0,0,2,0,2,0,0,0,2,0,0,1,0,3,1,0,0,1,2,1,0,0,0,4,0,4,0,0,0,0,0,4,0,0,0,4,0
"Polynoidae",0,4,0,0,4,0,0,4,0,0,0,0,0,4,0,0,4,0,0,0,0,0,0,2,2,0,4,0,0,0,0,4,0,0,4,0,0,4,0,0,0,0,0,4,0,4,0,0,0,0,0,4,0,0
"Polyplacophora",0,0,0,4,2,2,0,4,0,0,0,2,0,2,0,0,4,0,0,0,2,2,0,0,0,0,4,0,0,0,0,4,0,0,4,0,0,0,4,0,0,0,0,4,0,4,0,0,0,0,0,4,0,0
"Portunus pelagicus",0,0,0,4,4,0,0,4,0,0,0,0,2,1,1,0,4,0,0,2,0,2,0,0,0,1,2,0,1,0,1,3,0,0,3,0,1,4,0,0,0,0,0,4,0,0,0,0,4,0,0,4,0,0
"Propefusus australis",1,0,2,1,4,0,0,4,0,0,0,0,0,4,0,0,4,0,0,0,2,2,0,0,0,0,4,0,0,0,0,4,0,0,4,0,0,3,0,0,0,1,0,2,2,0,1,2,1,0,0,4,0,0
"Pteriidae",0,0,0,4,4,0,0,4,0,0,4,0,0,0,0,0,4,0,0,0,2,2,0,0,0,4,0,0,0,0,4,0,0,0,0,0,4,4,0,0,0,0,0,0,4,4,0,0,0,0,0,4,0,0
"Pterochelus triformis",0,0,0,4,4,0,0,4,0,0,0,0,0,4,0,0,4,0,0,0,2,2,0,0,0,0,4,0,0,0,0,4,0,0,4,0,0,0,0,0,4,0,0,0,4,0,0,4,0,0,0,4,0,0
"Rathbunaria orientalis",0,4,0,0,2,2,0,4,0,1,1,0,0,1,1,0,4,0,0,2,0,2,0,0,0,0,4,0,0,0,0,4,0,0,4,0,0,4,0,0,0,0,0,4,0,0,0,0,4,0,0,4,0,0
"Rhyssoplax sp.",0,0,0,4,4,0,0,4,0,0,0,4,0,0,0,0,4,0,0,0,2,2,0,0,0,0,4,0,0,0,0,4,0,0,4,0,0,0,4,0,0,0,0,4,0,0,4,0,0,0,0,4,0,0
"Rissoina crassa",0,0,0,4,0,4,0,4,0,2,0,2,0,0,0,0,4,0,0,0,2,2,0,0,0,0,4,0,0,0,2,2,0,0,2,0,2,4,0,0,0,0,0,4,0,4,0,0,0,0,0,4,0,0
"Rissoina fasciata",0,0,4,0,0,2,2,4,0,0,0,4,0,0,0,0,4,0,0,0,2,2,0,0,0,0,4,0,0,0,0,4,0,0,4,0,0,2,2,0,0,0,4,0,0,0,4,0,0,0,0,4,0,0
"Sabellariidae",0,0,4,0,4,0,0,0,4,4,0,0,0,0,0,0,0,4,0,0,0,0,0,2,2,0,0,4,0,2,0,0,2,4,0,0,0,4,0,0,0,0,0,0,4,4,0,0,0,0,0,4,0,0
"Sabellidae",0,4,0,0,2,1,1,4,0,2,2,0,0,0,0,0,4,0,0,0,0,0,0,2,2,0,4,0,0,0,0,0,4,0,0,4,0,2,2,0,0,0,0,4,0,0,0,0,4,0,0,4,0,0
"Sabia australis",0,0,4,0,3,1,0,4,0,0,0,0,0,0,4,0,4,0,0,0,2,2,0,0,0,0,4,0,0,0,0,4,0,0,4,0,0,4,0,0,0,0,0,4,0,0,2,2,0,0,0,4,0,0
"Saccella crassa",0,0,0,4,0,4,0,4,0,0,0,4,0,0,0,0,4,0,0,0,2,2,0,0,0,4,0,0,0,0,4,0,0,0,0,0,4,0,0,0,4,0,0,4,0,0,0,0,4,0,0,4,0,0
"Salinator fragilis",3,0,0,1,2,1,1,4,0,2,0,2,0,0,0,0,4,0,0,0,2,2,0,0,0,0,4,0,0,0,2,2,0,0,2,0,2,0,0,0,0,4,0,4,0,0,2,2,0,0,0,4,0,0
"Scissurella cyprina",0,0,0,4,4,0,0,4,0,0,0,4,0,0,0,0,4,0,0,0,2,2,0,0,0,0,4,0,0,0,0,4,0,0,4,0,0,4,0,0,0,0,0,4,0,4,0,0,0,0,0,4,0,0
"Serpulidae",0,4,0,0,4,0,0,4,0,0,4,0,0,0,0,0,4,0,0,0,0,0,0,2,2,2,2,0,0,0,0,0,4,0,0,4,0,2,2,0,0,0,0,4,0,2,0,0,2,0,0,4,0,0
"Sigalionidae",0,4,0,0,0,4,0,4,0,0,0,0,0,4,0,0,4,0,0,0,0,0,0,2,2,0,4,0,0,0,4,0,0,0,0,4,0,4,0,0,0,0,0,4,0,2,0,0,2,0,0,4,0,0
"Simplisetia aequisetis",0,4,0,0,4,0,0,4,0,2,0,0,0,2,0,0,4,0,0,0,0,0,0,2,2,4,0,0,0,0,2,1,1,0,0,3,1,1,0,1,2,0,0,1,3,0,0,0,4,0,0,4,0,0
"Sipuncula",0,4,0,0,3,1,1,4,0,1,1,0,0,0,2,0,4,0,0,0,0,0,0,2,2,0,4,0,0,0,4,0,0,0,0,0,4,2,2,0,0,0,0,2,2,2,2,0,0,0,0,4,0,0
"Solemya australis",0,4,0,0,4,0,0,4,0,0,4,0,0,0,0,0,4,0,0,0,2,2,0,0,0,0,4,0,0,0,2,2,0,0,0,4,0,4,0,0,0,0,0,4,0,0,4,0,0,0,0,0,4,0
"Sphaerosyllis sp.",0,4,0,0,0,4,0,4,0,1,1,0,0,2,0,0,4,0,0,0,0,0,0,2,2,0,4,0,0,0,0,4,0,0,0,2,2,1,1,0,2,0,0,4,0,2,0,0,2,0,0,4,0,0
"Spionidae",0,0,0,4,0,2,2,4,0,2,2,0,0,0,0,0,4,0,0,0,0,0,0,2,2,2,2,0,0,0,2,2,0,0,0,0,4,1,1,1,1,0,0,4,0,0,0,1,2,1,0,4,0,0
"Spisula trigonella",0,4,0,0,4,0,0,4,0,0,4,0,0,0,0,0,4,0,0,0,2,0,2,0,0,4,0,0,0,0,4,0,0,0,0,4,0,4,0,0,0,0,0,0,4,0,4,0,0,0,0,4,0,0
"Stenochiton cymodocealis",0,0,0,4,4,0,0,4,0,0,0,4,0,0,0,0,4,0,0,0,2,2,0,0,0,0,4,0,0,0,0,4,0,0,4,0,0,0,4,0,0,0,0,4,0,4,0,0,0,0,0,4,0,0
"Stenochiton pilsbryanus",0,0,0,4,4,0,0,4,0,0,0,4,0,0,0,0,4,0,0,0,2,2,0,0,0,0,4,0,0,0,0,4,0,0,4,0,0,0,4,0,0,0,0,4,0,4,0,0,0,0,0,4,0,0
"Stenochiton sp.",0,0,0,4,3,1,0,4,0,0,0,4,0,0,0,0,4,0,0,0,2,0,2,0,0,0,4,0,0,0,0,4,0,0,4,0,0,0,2,2,0,0,0,3,1,4,0,0,0,0,0,4,0,0
"Stimdromia lateralis",0,0,0,4,4,0,0,4,0,0,0,0,0,2,2,0,4,0,0,2,0,2,0,0,0,0,4,0,0,0,0,4,0,0,4,0,0,4,0,0,0,0,0,2,2,0,0,0,4,0,0,4,0,0
"Syllidae",0,4,0,0,0,2,2,4,0,0,0,0,0,4,0,0,4,0,0,0,0,0,0,2,2,0,4,0,0,0,0,4,0,0,0,2,2,1,1,0,2,0,0,4,0,2,0,0,2,0,0,4,0,0
"Synischia levidensis",0,0,4,0,2,2,0,4,0,2,0,2,0,0,0,0,4,0,0,0,0,2,0,2,0,0,4,0,0,0,0,4,0,0,4,0,0,0,0,0,4,0,4,0,0,0,0,0,4,0,0,0,4,0
"Tanaidacea",0,0,0,4,1,2,1,4,0,0,1,0,0,3,0,0,4,0,0,2,0,2,0,0,0,0,4,0,0,0,0,4,0,0,2,0,2,0,0,0,4,0,2,2,0,0,0,0,4,0,0,0,4,0
"Tanea sagittata",0,2,2,0,4,0,0,4,0,0,0,0,0,4,0,0,4,0,0,0,2,2,0,0,0,0,4,0,0,0,2,2,0,0,4,0,0,4,0,0,0,0,0,4,0,0,4,0,0,0,0,4,0,0
"Tasmanoplax latifrons",0,4,0,0,4,0,0,4,0,0,0,0,0,2,2,0,4,0,0,2,0,2,0,0,0,0,4,0,0,0,2,2,0,0,2,0,2,0,0,0,4,0,0,0,4,0,0,0,4,0,0,4,0,0
"Tawera lagopus",0,0,0,4,4,0,0,4,0,0,4,0,0,0,0,0,4,0,0,0,2,2,0,0,0,4,0,0,0,0,4,0,0,0,0,4,0,4,0,0,0,0,0,0,4,4,0,0,0,0,0,4,0,0
"Tellinides margaritinus",0,4,0,0,4,0,0,4,0,4,0,0,0,0,0,0,4,0,0,0,2,2,0,0,0,4,0,0,0,0,4,0,0,0,0,3,1,4,0,0,0,0,0,0,4,0,4,0,0,0,0,4,0,0
"Tellina sp.",0,4,0,0,1,2,1,4,0,2,2,0,0,0,0,0,4,0,0,0,2,2,0,0,0,4,0,0,0,0,4,0,0,0,0,3,1,4,0,0,0,0,0,1,3,0,4,0,0,0,0,4,0,0
"Temnopleurus michaelseni",0,0,0,4,2,2,0,4,0,0,0,4,0,0,0,0,4,0,0,0,2,2,0,0,0,0,4,0,0,0,0,4,0,0,4,0,0,4,0,0,0,0,0,2,2,4,0,0,0,0,0,0,0,4
"Terebellidae",0,4,0,0,2,1,1,4,0,2,2,0,0,0,0,0,4,0,0,0,0,0,0,2,2,0,4,0,0,0,0,2,2,0,1,2,1,1,1,1,1,0,0,2,2,1,1,1,1,0,0,4,0,0
"Trapezidae",0,0,0,4,4,0,0,4,0,0,4,0,0,0,0,0,4,0,0,0,2,2,0,0,0,4,0,0,0,0,4,0,0,0,0,0,4,4,0,0,0,0,0,4,0,4,0,0,0,0,0,4,0,0
"Trichobranchidae",0,4,0,0,2,2,0,4,0,2,2,0,0,0,0,0,4,0,0,0,0,0,0,2,2,0,4,0,0,0,0,0,4,0,0,4,0,0,4,0,0,0,0,4,0,4,0,0,0,0,0,4,0,0
"Tucetona sp.",0,2,0,2,4,0,0,4,0,0,4,0,0,0,0,0,4,0,0,0,2,2,0,0,0,4,0,0,0,0,4,0,0,0,0,4,0,4,0,0,0,0,0,0,4,4,0,0,0,0,0,4,0,0
"Turritellidae",0,0,0,4,4,0,0,4,0,0,4,0,0,0,0,0,4,0,0,0,2,2,0,0,0,0,4,0,0,0,4,0,0,0,0,0,4,4,0,0,0,0,0,4,0,4,0,0,0,0,0,4,0,0
"Uniophora granifera",0,4,0,0,4,0,0,4,0,0,0,0,0,2,2,0,4,0,2,0,0,2,0,0,0,0,4,0,0,0,0,4,0,0,4,0,0,4,0,0,0,0,0,0,4,4,0,0,0,0,0,0,0,4
"Veneridae",0,2,0,2,3,1,0,4,0,1,3,0,0,0,0,0,4,0,0,0,2,0,2,0,0,4,0,0,0,0,4,0,0,0,0,4,0,4,0,0,0,0,0,0,4,4,0,0,0,0,0,4,0,0
"Venerupis anomala",0,2,0,2,4,0,0,4,0,0,4,0,0,0,0,0,4,0,0,0,2,0,2,0,0,4,0,0,0,0,4,0,0,0,0,4,0,4,0,0,0,0,0,0,4,4,0,0,0,0,0,4,0,0
"Vitrinellidae",0,0,0,4,0,4,0,4,0,2,0,2,0,0,0,0,4,0,0,0,2,0,2,0,0,0,4,0,0,0,4,0,0,0,0,0,4,2,0,0,2,0,0,4,0,0,0,2,2,0,0,4,0,0
"Xenostrobus inconstans",2,0,0,2,0,2,2,4,0,0,4,0,0,0,0,0,4,0,0,0,2,2,0,0,0,4,0,0,0,1,1,2,0,0,2,0,2,4,0,0,0,0,0,2,2,0,4,0,0,0,0,4,0,0
"Zeacumantus diemenensis",0,1,2,1,2,2,0,4,0,2,0,2,0,0,0,0,4,0,0,0,2,2,0,0,0,0,4,0,0,0,2,2,0,0,4,0,0,1,1,1,1,0,0,0,4,0,2,2,0,0,0,4,0,0
"Zeacumantus plumbeus",0,1,2,1,1,2,1,4,0,2,0,2,0,0,0,0,4,0,0,0,2,2,0,0,0,0,4,0,0,0,2,2,0,0,4,0,0,1,1,1,1,0,0,0,4,0,2,2,0,0,0,4,0,0
